job_id,cost_code,description,budget,stage
2361,01,Preliminaries & fees,22164,
2361,02,Site works & earthworks,14479,
2361,03,Concrete slab & piers,34669,
2361,04,Plumbing & drainage,27313,
2361,05,Frame & trusses,38169,
2361,06,Roofing & gutters,21981,
2361,07,Bricklaying & cladding,33668,
2361,08,Windows & external doors,21671,
2361,09,Electrical,16868,
2361,10,Insulation & plasterboard,23657,
2361,11,Cabinetry & joinery,28341,
2361,12,Tiling & waterproofing,17621,
2361,13,Carpentry fit-off & doors,13283,
2361,14,Painting,13138,
2361,15,Floor coverings,9882,
2361,16,"Driveway, paths & clean",10151,
2363,01,Preliminaries & fees,22078,
2363,02,Site works & earthworks,15773,
2363,03,Concrete slab & piers,42066,
2363,04,Plumbing & drainage,32910,
2363,05,Frame & trusses,45958,
2363,06,Roofing & gutters,25377,
2363,07,Bricklaying & cladding,36091,
2363,08,Windows & external doors,23136,
2363,09,Electrical,19156,
2363,10,Insulation & plasterboard,29208,
2363,11,Cabinetry & joinery,32183,
2363,12,Tiling & waterproofing,18118,
2363,13,Carpentry fit-off & doors,16288,
2363,14,Painting,15514,
2363,15,Floor coverings,11078,
2363,16,"Driveway, paths & clean",10927,
2364,01,Preliminaries & fees,19798,
2364,02,Site works & earthworks,12043,
2364,03,Concrete slab & piers,34882,
2364,04,Plumbing & drainage,26023,
2364,05,Frame & trusses,35684,
2364,06,Roofing & gutters,18279,
2364,07,Bricklaying & cladding,33784,
2364,08,Windows & external doors,20305,
2364,09,Electrical,16008,
2364,10,Insulation & plasterboard,23012,
2364,11,Cabinetry & joinery,24885,
2364,12,Tiling & waterproofing,17322,
2364,13,Carpentry fit-off & doors,13131,
2364,14,Painting,12405,
2364,15,Floor coverings,10037,
2364,16,"Driveway, paths & clean",8919,
2366,01,Preliminaries & fees,25605,
2366,02,Site works & earthworks,16542,
2366,03,Concrete slab & piers,40556,
2366,04,Plumbing & drainage,32508,
2366,05,Frame & trusses,47415,
2366,06,Roofing & gutters,23817,
2366,07,Bricklaying & cladding,45951,
2366,08,Windows & external doors,24749,
2366,09,Electrical,20483,
2366,10,Insulation & plasterboard,30905,
2366,11,Cabinetry & joinery,31773,
2366,12,Tiling & waterproofing,22372,
2366,13,Carpentry fit-off & doors,16867,
2366,14,Painting,16249,
2366,15,Floor coverings,12789,
2366,16,"Driveway, paths & clean",13475,
2369,01,Preliminaries & fees,19746,
2369,02,Site works & earthworks,13357,
2369,03,Concrete slab & piers,31780,
2369,04,Plumbing & drainage,24828,
2369,05,Frame & trusses,33567,
2369,06,Roofing & gutters,20350,
2369,07,Bricklaying & cladding,30036,
2369,08,Windows & external doors,18955,
2369,09,Electrical,16602,
2369,10,Insulation & plasterboard,20710,
2369,11,Cabinetry & joinery,26365,
2369,12,Tiling & waterproofing,16126,
2369,13,Carpentry fit-off & doors,12810,
2369,14,Painting,13599,
2369,15,Floor coverings,10006,
2369,16,"Driveway, paths & clean",8818,
2371,01,Preliminaries & fees,16465,
2371,02,Site works & earthworks,12328,
2371,03,Concrete slab & piers,28511,
2371,04,Plumbing & drainage,22276,
2371,05,Frame & trusses,31814,
2371,06,Roofing & gutters,16011,
2371,07,Bricklaying & cladding,27624,
2371,08,Windows & external doors,18128,
2371,09,Electrical,14399,
2371,10,Insulation & plasterboard,19641,
2371,11,Cabinetry & joinery,22958,
2371,12,Tiling & waterproofing,15552,
2371,13,Carpentry fit-off & doors,10918,
2371,14,Painting,12374,
2371,15,Floor coverings,8605,
2371,16,"Driveway, paths & clean",8246,
2372,01,Preliminaries & fees,18549,
2372,02,Site works & earthworks,13041,
2372,03,Concrete slab & piers,32014,
2372,04,Plumbing & drainage,26324,
2372,05,Frame & trusses,34728,
2372,06,Roofing & gutters,19107,
2372,07,Bricklaying & cladding,29525,
2372,08,Windows & external doors,18308,
2372,09,Electrical,14996,
2372,10,Insulation & plasterboard,20226,
2372,11,Cabinetry & joinery,26888,
2372,12,Tiling & waterproofing,14553,
2372,13,Carpentry fit-off & doors,11518,
2372,14,Painting,12433,
2372,15,Floor coverings,8765,
2372,16,"Driveway, paths & clean",10002,
2374,01,Preliminaries & fees,17435,
2374,02,Site works & earthworks,10875,
2374,03,Concrete slab & piers,26598,
2374,04,Plumbing & drainage,23056,
2374,05,Frame & trusses,32582,
2374,06,Roofing & gutters,16568,
2374,07,Bricklaying & cladding,26819,
2374,08,Windows & external doors,15833,
2374,09,Electrical,13286,
2374,10,Insulation & plasterboard,19232,
2374,11,Cabinetry & joinery,22071,
2374,12,Tiling & waterproofing,14700,
2374,13,Carpentry fit-off & doors,10597,
2374,14,Painting,10566,
2374,15,Floor coverings,8448,
2374,16,"Driveway, paths & clean",8463,
2377,01,Preliminaries & fees,20617,
2377,02,Site works & earthworks,13432,
2377,03,Concrete slab & piers,33831,
2377,04,Plumbing & drainage,27958,
2377,05,Frame & trusses,36354,
2377,06,Roofing & gutters,19066,
2377,07,Bricklaying & cladding,34852,
2377,08,Windows & external doors,18066,
2377,09,Electrical,17240,
2377,10,Insulation & plasterboard,23317,
2377,11,Cabinetry & joinery,25603,
2377,12,Tiling & waterproofing,15562,
2377,13,Carpentry fit-off & doors,13647,
2377,14,Painting,12685,
2377,15,Floor coverings,9190,
2377,16,"Driveway, paths & clean",10220,
2378,01,Preliminaries & fees,18762,
2378,02,Site works & earthworks,12653,
2378,03,Concrete slab & piers,30918,
2378,04,Plumbing & drainage,25049,
2378,05,Frame & trusses,39909,
2378,06,Roofing & gutters,21599,
2378,07,Bricklaying & cladding,36001,
2378,08,Windows & external doors,19368,
2378,09,Electrical,17763,
2378,10,Insulation & plasterboard,23348,
2378,11,Cabinetry & joinery,25111,
2378,12,Tiling & waterproofing,16933,
2378,13,Carpentry fit-off & doors,12661,
2378,14,Painting,12616,
2378,15,Floor coverings,10680,
2378,16,"Driveway, paths & clean",10086,
2381,01,Preliminaries & fees,22971,
2381,02,Site works & earthworks,14392,
2381,03,Concrete slab & piers,36140,
2381,04,Plumbing & drainage,30244,
2381,05,Frame & trusses,40107,
2381,06,Roofing & gutters,23975,
2381,07,Bricklaying & cladding,38840,
2381,08,Windows & external doors,23848,
2381,09,Electrical,19542,
2381,10,Insulation & plasterboard,27734,
2381,11,Cabinetry & joinery,29308,
2381,12,Tiling & waterproofing,19946,
2381,13,Carpentry fit-off & doors,15188,
2381,14,Painting,15470,
2381,15,Floor coverings,11251,
2381,16,"Driveway, paths & clean",11967,
2383,01,Preliminaries & fees,20182,
2383,02,Site works & earthworks,13902,
2383,03,Concrete slab & piers,31376,
2383,04,Plumbing & drainage,25758,
2383,05,Frame & trusses,36794,
2383,06,Roofing & gutters,19027,
2383,07,Bricklaying & cladding,31199,
2383,08,Windows & external doors,18471,
2383,09,Electrical,16898,
2383,10,Insulation & plasterboard,21109,
2383,11,Cabinetry & joinery,24785,
2383,12,Tiling & waterproofing,16629,
2383,13,Carpentry fit-off & doors,12707,
2383,14,Painting,13719,
2383,15,Floor coverings,9115,
2383,16,"Driveway, paths & clean",9140,
2384,01,Preliminaries & fees,27484,
2384,02,Site works & earthworks,18490,
2384,03,Concrete slab & piers,45349,
2384,04,Plumbing & drainage,37266,
2384,05,Frame & trusses,43882,
2384,06,Roofing & gutters,24532,
2384,07,Bricklaying & cladding,42790,
2384,08,Windows & external doors,24610,
2384,09,Electrical,23256,
2384,10,Insulation & plasterboard,29169,
2384,11,Cabinetry & joinery,32538,
2384,12,Tiling & waterproofing,20581,
2384,13,Carpentry fit-off & doors,16860,
2384,14,Painting,17589,
2384,15,Floor coverings,13202,
2384,16,"Driveway, paths & clean",13464,
2387,01,Preliminaries & fees,23956,
2387,02,Site works & earthworks,17888,
2387,03,Concrete slab & piers,41771,
2387,04,Plumbing & drainage,35596,
2387,05,Frame & trusses,46828,
2387,06,Roofing & gutters,23676,
2387,07,Bricklaying & cladding,39991,
2387,08,Windows & external doors,26983,
2387,09,Electrical,20747,
2387,10,Insulation & plasterboard,31231,
2387,11,Cabinetry & joinery,32944,
2387,12,Tiling & waterproofing,21588,
2387,13,Carpentry fit-off & doors,17663,
2387,14,Painting,15527,
2387,15,Floor coverings,12491,
2387,16,"Driveway, paths & clean",12709,
2388,01,Preliminaries & fees,19534,
2388,02,Site works & earthworks,14048,
2388,03,Concrete slab & piers,32510,
2388,04,Plumbing & drainage,28358,
2388,05,Frame & trusses,40058,
2388,06,Roofing & gutters,19190,
2388,07,Bricklaying & cladding,32468,
2388,08,Windows & external doors,20574,
2388,09,Electrical,17530,
2388,10,Insulation & plasterboard,24042,
2388,11,Cabinetry & joinery,26657,
2388,12,Tiling & waterproofing,17048,
2388,13,Carpentry fit-off & doors,13964,
2388,14,Painting,12678,
2388,15,Floor coverings,10708,
2388,16,"Driveway, paths & clean",9867,
2390,01,Preliminaries & fees,17411,
2390,02,Site works & earthworks,11762,
2390,03,Concrete slab & piers,32601,
2390,04,Plumbing & drainage,25476,
2390,05,Frame & trusses,36456,
2390,06,Roofing & gutters,19223,
2390,07,Bricklaying & cladding,30521,
2390,08,Windows & external doors,17396,
2390,09,Electrical,15912,
2390,10,Insulation & plasterboard,21685,
2390,11,Cabinetry & joinery,26394,
2390,12,Tiling & waterproofing,15814,
2390,13,Carpentry fit-off & doors,13076,
2390,14,Painting,13162,
2390,15,Floor coverings,9790,
2390,16,"Driveway, paths & clean",8933,
2392,01,Preliminaries & fees,17092,
2392,02,Site works & earthworks,12126,
2392,03,Concrete slab & piers,28642,
2392,04,Plumbing & drainage,24958,
2392,05,Frame & trusses,30398,
2392,06,Roofing & gutters,17954,
2392,07,Bricklaying & cladding,28374,
2392,08,Windows & external doors,18639,
2392,09,Electrical,14508,
2392,10,Insulation & plasterboard,20996,
2392,11,Cabinetry & joinery,22588,
2392,12,Tiling & waterproofing,13571,
2392,13,Carpentry fit-off & doors,11835,
2392,14,Painting,11704,
2392,15,Floor coverings,9377,
2392,16,"Driveway, paths & clean",8436,
2395,01,Preliminaries & fees,25450,
2395,02,Site works & earthworks,15776,
2395,03,Concrete slab & piers,41735,
2395,04,Plumbing & drainage,32598,
2395,05,Frame & trusses,47448,
2395,06,Roofing & gutters,25847,
2395,07,Bricklaying & cladding,39027,
2395,08,Windows & external doors,24860,
2395,09,Electrical,19065,
2395,10,Insulation & plasterboard,27657,
2395,11,Cabinetry & joinery,30465,
2395,12,Tiling & waterproofing,20901,
2395,13,Carpentry fit-off & doors,16547,
2395,14,Painting,16442,
2395,15,Floor coverings,11727,
2395,16,"Driveway, paths & clean",13020,
2397,01,Preliminaries & fees,24432,
2397,02,Site works & earthworks,15955,
2397,03,Concrete slab & piers,37094,
2397,04,Plumbing & drainage,31448,
2397,05,Frame & trusses,44602,
2397,06,Roofing & gutters,25063,
2397,07,Bricklaying & cladding,39659,
2397,08,Windows & external doors,25319,
2397,09,Electrical,20561,
2397,10,Insulation & plasterboard,29690,
2397,11,Cabinetry & joinery,33843,
2397,12,Tiling & waterproofing,19272,
2397,13,Carpentry fit-off & doors,16019,
2397,14,Painting,16056,
2397,15,Floor coverings,12081,
2397,16,"Driveway, paths & clean",11416,
2399,01,Preliminaries & fees,19378,
2399,02,Site works & earthworks,14448,
2399,03,Concrete slab & piers,33138,
2399,04,Plumbing & drainage,27781,
2399,05,Frame & trusses,36555,
2399,06,Roofing & gutters,21223,
2399,07,Bricklaying & cladding,33489,
2399,08,Windows & external doors,21134,
2399,09,Electrical,17608,
2399,10,Insulation & plasterboard,22932,
2399,11,Cabinetry & joinery,26049,
2399,12,Tiling & waterproofing,15747,
2399,13,Carpentry fit-off & doors,13748,
2399,14,Painting,12859,
2399,15,Floor coverings,9788,
2399,16,"Driveway, paths & clean",10225,
2401,01,Preliminaries & fees,17680,
2401,02,Site works & earthworks,12074,
2401,03,Concrete slab & piers,29198,
2401,04,Plumbing & drainage,25353,
2401,05,Frame & trusses,36058,
2401,06,Roofing & gutters,18904,
2401,07,Bricklaying & cladding,33014,
2401,08,Windows & external doors,18664,
2401,09,Electrical,15536,
2401,10,Insulation & plasterboard,22554,
2401,11,Cabinetry & joinery,25178,
2401,12,Tiling & waterproofing,16314,
2401,13,Carpentry fit-off & doors,12687,
2401,14,Painting,12659,
2401,15,Floor coverings,8866,
2401,16,"Driveway, paths & clean",8586,
2402,01,Preliminaries & fees,17966,
2402,02,Site works & earthworks,10674,
2402,03,Concrete slab & piers,26320,
2402,04,Plumbing & drainage,20815,
2402,05,Frame & trusses,29233,
2402,06,Roofing & gutters,17170,
2402,07,Bricklaying & cladding,28430,
2402,08,Windows & external doors,15745,
2402,09,Electrical,13159,
2402,10,Insulation & plasterboard,19449,
2402,11,Cabinetry & joinery,22416,
2402,12,Tiling & waterproofing,14866,
2402,13,Carpentry fit-off & doors,10625,
2402,14,Painting,10731,
2402,15,Floor coverings,7791,
2402,16,"Driveway, paths & clean",8152,
2404,01,Preliminaries & fees,24545,
2404,02,Site works & earthworks,16441,
2404,03,Concrete slab & piers,40806,
2404,04,Plumbing & drainage,32427,
2404,05,Frame & trusses,41571,
2404,06,Roofing & gutters,23429,
2404,07,Bricklaying & cladding,39116,
2404,08,Windows & external doors,25334,
2404,09,Electrical,19958,
2404,10,Insulation & plasterboard,25881,
2404,11,Cabinetry & joinery,30905,
2404,12,Tiling & waterproofing,18709,
2404,13,Carpentry fit-off & doors,15497,
2404,14,Painting,15176,
2404,15,Floor coverings,12851,
2404,16,"Driveway, paths & clean",11189,
2406,01,Preliminaries & fees,23797,
2406,02,Site works & earthworks,18078,
2406,03,Concrete slab & piers,45410,
2406,04,Plumbing & drainage,35552,
2406,05,Frame & trusses,51053,
2406,06,Roofing & gutters,26263,
2406,07,Bricklaying & cladding,44514,
2406,08,Windows & external doors,25773,
2406,09,Electrical,20949,
2406,10,Insulation & plasterboard,32164,
2406,11,Cabinetry & joinery,35581,
2406,12,Tiling & waterproofing,20240,
2406,13,Carpentry fit-off & doors,17574,
2406,14,Painting,17768,
2406,15,Floor coverings,13137,
2406,16,"Driveway, paths & clean",11945,
2408,01,Preliminaries & fees,16823,
2408,02,Site works & earthworks,10913,
2408,03,Concrete slab & piers,26668,
2408,04,Plumbing & drainage,23171,
2408,05,Frame & trusses,29283,
2408,06,Roofing & gutters,18352,
2408,07,Bricklaying & cladding,27461,
2408,08,Windows & external doors,16973,
2408,09,Electrical,15271,
2408,10,Insulation & plasterboard,20054,
2408,11,Cabinetry & joinery,21387,
2408,12,Tiling & waterproofing,14155,
2408,13,Carpentry fit-off & doors,11244,
2408,14,Painting,11199,
2408,15,Floor coverings,8378,
2408,16,"Driveway, paths & clean",8093,
2411,01,Preliminaries & fees,16601,
2411,02,Site works & earthworks,10169,
2411,03,Concrete slab & piers,27288,
2411,04,Plumbing & drainage,21318,
2411,05,Frame & trusses,30472,
2411,06,Roofing & gutters,15166,
2411,07,Bricklaying & cladding,26350,
2411,08,Windows & external doors,14268,
2411,09,Electrical,12171,
2411,10,Insulation & plasterboard,17489,
2411,11,Cabinetry & joinery,20744,
2411,12,Tiling & waterproofing,12858,
2411,13,Carpentry fit-off & doors,9485,
2411,14,Painting,9557,
2411,15,Floor coverings,7263,
2411,16,"Driveway, paths & clean",8066,
2412,01,Preliminaries & fees,22154,
2412,02,Site works & earthworks,15828,
2412,03,Concrete slab & piers,43074,
2412,04,Plumbing & drainage,29717,
2412,05,Frame & trusses,44152,
2412,06,Roofing & gutters,23499,
2412,07,Bricklaying & cladding,42549,
2412,08,Windows & external doors,23683,
2412,09,Electrical,20263,
2412,10,Insulation & plasterboard,28137,
2412,11,Cabinetry & joinery,30593,
2412,12,Tiling & waterproofing,18526,
2412,13,Carpentry fit-off & doors,16272,
2412,14,Painting,15660,
2412,15,Floor coverings,12612,
2412,16,"Driveway, paths & clean",11703,
2414,01,Preliminaries & fees,20224,
2414,02,Site works & earthworks,13009,
2414,03,Concrete slab & piers,34691,
2414,04,Plumbing & drainage,25669,
2414,05,Frame & trusses,34984,
2414,06,Roofing & gutters,21097,
2414,07,Bricklaying & cladding,35857,
2414,08,Windows & external doors,20749,
2414,09,Electrical,16868,
2414,10,Insulation & plasterboard,23066,
2414,11,Cabinetry & joinery,27053,
2414,12,Tiling & waterproofing,18380,
2414,13,Carpentry fit-off & doors,13745,
2414,14,Painting,14794,
2414,15,Floor coverings,10009,
2414,16,"Driveway, paths & clean",10509,
2417,01,Preliminaries & fees,16001,
2417,02,Site works & earthworks,10040,
2417,03,Concrete slab & piers,25354,
2417,04,Plumbing & drainage,20341,
2417,05,Frame & trusses,26410,
2417,06,Roofing & gutters,15919,
2417,07,Bricklaying & cladding,23227,
2417,08,Windows & external doors,16124,
2417,09,Electrical,13123,
2417,10,Insulation & plasterboard,18845,
2417,11,Cabinetry & joinery,18727,
2417,12,Tiling & waterproofing,12523,
2417,13,Carpentry fit-off & doors,10144,
2417,14,Painting,10485,
2417,15,Floor coverings,7122,
2417,16,"Driveway, paths & clean",8031,
2419,01,Preliminaries & fees,16672,
2419,02,Site works & earthworks,11120,
2419,03,Concrete slab & piers,27246,
2419,04,Plumbing & drainage,24239,
2419,05,Frame & trusses,29552,
2419,06,Roofing & gutters,16399,
2419,07,Bricklaying & cladding,27320,
2419,08,Windows & external doors,18214,
2419,09,Electrical,13529,
2419,10,Insulation & plasterboard,21073,
2419,11,Cabinetry & joinery,21632,
2419,12,Tiling & waterproofing,14259,
2419,13,Carpentry fit-off & doors,11949,
2419,14,Painting,10833,
2419,15,Floor coverings,9029,
2419,16,"Driveway, paths & clean",8966,
2420,01,Preliminaries & fees,19577,
2420,02,Site works & earthworks,11684,
2420,03,Concrete slab & piers,30028,
2420,04,Plumbing & drainage,25917,
2420,05,Frame & trusses,31512,
2420,06,Roofing & gutters,17790,
2420,07,Bricklaying & cladding,29040,
2420,08,Windows & external doors,18532,
2420,09,Electrical,15606,
2420,10,Insulation & plasterboard,21575,
2420,11,Cabinetry & joinery,22964,
2420,12,Tiling & waterproofing,16509,
2420,13,Carpentry fit-off & doors,12805,
2420,14,Painting,12719,
2420,15,Floor coverings,9248,
2420,16,"Driveway, paths & clean",8757,
2423,01,Preliminaries & fees,19061,
2423,02,Site works & earthworks,12001,
2423,03,Concrete slab & piers,28837,
2423,04,Plumbing & drainage,23940,
2423,05,Frame & trusses,33663,
2423,06,Roofing & gutters,18010,
2423,07,Bricklaying & cladding,31422,
2423,08,Windows & external doors,19306,
2423,09,Electrical,15435,
2423,10,Insulation & plasterboard,20280,
2423,11,Cabinetry & joinery,23315,
2423,12,Tiling & waterproofing,13800,
2423,13,Carpentry fit-off & doors,11095,
2423,14,Painting,12414,
2423,15,Floor coverings,9366,
2423,16,"Driveway, paths & clean",8696,
2424,01,Preliminaries & fees,17472,
2424,02,Site works & earthworks,12195,
2424,03,Concrete slab & piers,29948,
2424,04,Plumbing & drainage,23513,
2424,05,Frame & trusses,33643,
2424,06,Roofing & gutters,18719,
2424,07,Bricklaying & cladding,29583,
2424,08,Windows & external doors,19546,
2424,09,Electrical,14785,
2424,10,Insulation & plasterboard,22755,
2424,11,Cabinetry & joinery,23232,
2424,12,Tiling & waterproofing,14915,
2424,13,Carpentry fit-off & doors,12710,
2424,14,Painting,12063,
2424,15,Floor coverings,9379,
2424,16,"Driveway, paths & clean",8898,
2426,01,Preliminaries & fees,18521,
2426,02,Site works & earthworks,13334,
2426,03,Concrete slab & piers,33413,
2426,04,Plumbing & drainage,25721,
2426,05,Frame & trusses,36743,
2426,06,Roofing & gutters,20007,
2426,07,Bricklaying & cladding,32193,
2426,08,Windows & external doors,21098,
2426,09,Electrical,16661,
2426,10,Insulation & plasterboard,21349,
2426,11,Cabinetry & joinery,27675,
2426,12,Tiling & waterproofing,15180,
2426,13,Carpentry fit-off & doors,12871,
2426,14,Painting,13457,
2426,15,Floor coverings,10263,
2426,16,"Driveway, paths & clean",9406,
2429,01,Preliminaries & fees,18409,
2429,02,Site works & earthworks,11803,
2429,03,Concrete slab & piers,29803,
2429,04,Plumbing & drainage,23290,
2429,05,Frame & trusses,30703,
2429,06,Roofing & gutters,18790,
2429,07,Bricklaying & cladding,31051,
2429,08,Windows & external doors,17976,
2429,09,Electrical,14908,
2429,10,Insulation & plasterboard,21649,
2429,11,Cabinetry & joinery,23127,
2429,12,Tiling & waterproofing,15670,
2429,13,Carpentry fit-off & doors,13019,
2429,14,Painting,11255,
2429,15,Floor coverings,9447,
2429,16,"Driveway, paths & clean",9245,
2430,01,Preliminaries & fees,15839,
2430,02,Site works & earthworks,11552,
2430,03,Concrete slab & piers,29109,
2430,04,Plumbing & drainage,22119,
2430,05,Frame & trusses,28704,
2430,06,Roofing & gutters,16681,
2430,07,Bricklaying & cladding,29046,
2430,08,Windows & external doors,17015,
2430,09,Electrical,14782,
2430,10,Insulation & plasterboard,20750,
2430,11,Cabinetry & joinery,21329,
2430,12,Tiling & waterproofing,14697,
2430,13,Carpentry fit-off & doors,10534,
2430,14,Painting,11004,
2430,15,Floor coverings,8964,
2430,16,"Driveway, paths & clean",8763,
2432,01,Preliminaries & fees,20359,
2432,02,Site works & earthworks,14305,
2432,03,Concrete slab & piers,34061,
2432,04,Plumbing & drainage,28640,
2432,05,Frame & trusses,41942,
2432,06,Roofing & gutters,22931,
2432,07,Bricklaying & cladding,38238,
2432,08,Windows & external doors,22965,
2432,09,Electrical,17980,
2432,10,Insulation & plasterboard,26716,
2432,11,Cabinetry & joinery,29685,
2432,12,Tiling & waterproofing,18545,
2432,13,Carpentry fit-off & doors,14422,
2432,14,Painting,14863,
2432,15,Floor coverings,10786,
2432,16,"Driveway, paths & clean",11282,
2434,01,Preliminaries & fees,18026,
2434,02,Site works & earthworks,11730,
2434,03,Concrete slab & piers,31134,
2434,04,Plumbing & drainage,24128,
2434,05,Frame & trusses,33476,
2434,06,Roofing & gutters,16514,
2434,07,Bricklaying & cladding,29118,
2434,08,Windows & external doors,18153,
2434,09,Electrical,14405,
2434,10,Insulation & plasterboard,22145,
2434,11,Cabinetry & joinery,22641,
2434,12,Tiling & waterproofing,14402,
2434,13,Carpentry fit-off & doors,12303,
2434,14,Painting,11131,
2434,15,Floor coverings,9151,
2434,16,"Driveway, paths & clean",9479,
2437,01,Preliminaries & fees,17289,
2437,02,Site works & earthworks,11011,
2437,03,Concrete slab & piers,26656,
2437,04,Plumbing & drainage,22123,
2437,05,Frame & trusses,32201,
2437,06,Roofing & gutters,15774,
2437,07,Bricklaying & cladding,29569,
2437,08,Windows & external doors,16427,
2437,09,Electrical,14577,
2437,10,Insulation & plasterboard,17900,
2437,11,Cabinetry & joinery,22756,
2437,12,Tiling & waterproofing,14308,
2437,13,Carpentry fit-off & doors,10741,
2437,14,Painting,11493,
2437,15,Floor coverings,8328,
2437,16,"Driveway, paths & clean",7853,
2439,01,Preliminaries & fees,21679,
2439,02,Site works & earthworks,14083,
2439,03,Concrete slab & piers,33847,
2439,04,Plumbing & drainage,28002,
2439,05,Frame & trusses,36858,
2439,06,Roofing & gutters,20473,
2439,07,Bricklaying & cladding,35678,
2439,08,Windows & external doors,20950,
2439,09,Electrical,18072,
2439,10,Insulation & plasterboard,23364,
2439,11,Cabinetry & joinery,28549,
2439,12,Tiling & waterproofing,15792,
2439,13,Carpentry fit-off & doors,14044,
2439,14,Painting,14562,
2439,15,Floor coverings,10403,
2439,16,"Driveway, paths & clean",10501,
2441,01,Preliminaries & fees,23598,
2441,02,Site works & earthworks,17644,
2441,03,Concrete slab & piers,43222,
2441,04,Plumbing & drainage,34366,
2441,05,Frame & trusses,45996,
2441,06,Roofing & gutters,23303,
2441,07,Bricklaying & cladding,41108,
2441,08,Windows & external doors,25220,
2441,09,Electrical,20473,
2441,10,Insulation & plasterboard,27423,
2441,11,Cabinetry & joinery,32101,
2441,12,Tiling & waterproofing,20742,
2441,13,Carpentry fit-off & doors,16012,
2441,14,Painting,17534,
2441,15,Floor coverings,12736,
2441,16,"Driveway, paths & clean",12756,
2443,01,Preliminaries & fees,24049,
2443,02,Site works & earthworks,16977,
2443,03,Concrete slab & piers,41273,
2443,04,Plumbing & drainage,36714,
2443,05,Frame & trusses,45997,
2443,06,Roofing & gutters,26091,
2443,07,Bricklaying & cladding,40961,
2443,08,Windows & external doors,26399,
2443,09,Electrical,21779,
2443,10,Insulation & plasterboard,28425,
2443,11,Cabinetry & joinery,33799,
2443,12,Tiling & waterproofing,20575,
2443,13,Carpentry fit-off & doors,17481,
2443,14,Painting,16940,
2443,15,Floor coverings,13680,
2443,16,"Driveway, paths & clean",13562,
2445,01,Preliminaries & fees,19014,
2445,02,Site works & earthworks,12815,
2445,03,Concrete slab & piers,30475,
2445,04,Plumbing & drainage,25277,
2445,05,Frame & trusses,34570,
2445,06,Roofing & gutters,18456,
2445,07,Bricklaying & cladding,32576,
2445,08,Windows & external doors,19159,
2445,09,Electrical,17290,
2445,10,Insulation & plasterboard,23899,
2445,11,Cabinetry & joinery,27623,
2445,12,Tiling & waterproofing,17028,
2445,13,Carpentry fit-off & doors,12527,
2445,14,Painting,13814,
2445,15,Floor coverings,9621,
2445,16,"Driveway, paths & clean",9401,
2447,01,Preliminaries & fees,17295,
2447,02,Site works & earthworks,11924,
2447,03,Concrete slab & piers,29522,
2447,04,Plumbing & drainage,23855,
2447,05,Frame & trusses,28701,
2447,06,Roofing & gutters,15751,
2447,07,Bricklaying & cladding,29701,
2447,08,Windows & external doors,17298,
2447,09,Electrical,14593,
2447,10,Insulation & plasterboard,19920,
2447,11,Cabinetry & joinery,23992,
2447,12,Tiling & waterproofing,12888,
2447,13,Carpentry fit-off & doors,10895,
2447,14,Painting,11096,
2447,15,Floor coverings,8773,
2447,16,"Driveway, paths & clean",8560,
2448,01,Preliminaries & fees,17095,
2448,02,Site works & earthworks,11692,
2448,03,Concrete slab & piers,27555,
2448,04,Plumbing & drainage,21250,
2448,05,Frame & trusses,31148,
2448,06,Roofing & gutters,16760,
2448,07,Bricklaying & cladding,28697,
2448,08,Windows & external doors,17052,
2448,09,Electrical,14347,
2448,10,Insulation & plasterboard,20738,
2448,11,Cabinetry & joinery,21005,
2448,12,Tiling & waterproofing,13964,
2448,13,Carpentry fit-off & doors,12110,
2448,14,Painting,12250,
2448,15,Floor coverings,7932,
2448,16,"Driveway, paths & clean",8819,
2450,01,Preliminaries & fees,21540,
2450,02,Site works & earthworks,13275,
2450,03,Concrete slab & piers,32068,
2450,04,Plumbing & drainage,26836,
2450,05,Frame & trusses,40063,
2450,06,Roofing & gutters,20502,
2450,07,Bricklaying & cladding,35728,
2450,08,Windows & external doors,21070,
2450,09,Electrical,17265,
2450,10,Insulation & plasterboard,22795,
2450,11,Cabinetry & joinery,26545,
2450,12,Tiling & waterproofing,16579,
2450,13,Carpentry fit-off & doors,13342,
2450,14,Painting,14357,
2450,15,Floor coverings,10851,
2450,16,"Driveway, paths & clean",10253,
2453,01,Preliminaries & fees,25145,
2453,02,Site works & earthworks,16558,
2453,03,Concrete slab & piers,43979,
2453,04,Plumbing & drainage,33989,
2453,05,Frame & trusses,43104,
2453,06,Roofing & gutters,23477,
2453,07,Bricklaying & cladding,39376,
2453,08,Windows & external doors,24527,
2453,09,Electrical,21340,
2453,10,Insulation & plasterboard,32109,
2453,11,Cabinetry & joinery,35577,
2453,12,Tiling & waterproofing,20780,
2453,13,Carpentry fit-off & doors,15986,
2453,14,Painting,16895,
2453,15,Floor coverings,11827,
2453,16,"Driveway, paths & clean",13528,
2454,01,Preliminaries & fees,18695,
2454,02,Site works & earthworks,13350,
2454,03,Concrete slab & piers,30876,
2454,04,Plumbing & drainage,24681,
2454,05,Frame & trusses,31838,
2454,06,Roofing & gutters,17577,
2454,07,Bricklaying & cladding,33372,
2454,08,Windows & external doors,17688,
2454,09,Electrical,14629,
2454,10,Insulation & plasterboard,20744,
2454,11,Cabinetry & joinery,23820,
2454,12,Tiling & waterproofing,14926,
2454,13,Carpentry fit-off & doors,13381,
2454,14,Painting,12915,
2454,15,Floor coverings,9920,
2454,16,"Driveway, paths & clean",9188,
2457,01,Preliminaries & fees,20643,
2457,02,Site works & earthworks,14267,
2457,03,Concrete slab & piers,32647,
2457,04,Plumbing & drainage,27651,
2457,05,Frame & trusses,33707,
2457,06,Roofing & gutters,20141,
2457,07,Bricklaying & cladding,33020,
2457,08,Windows & external doors,20524,
2457,09,Electrical,17233,
2457,10,Insulation & plasterboard,24244,
2457,11,Cabinetry & joinery,27428,
2457,12,Tiling & waterproofing,15589,
2457,13,Carpentry fit-off & doors,12663,
2457,14,Painting,12624,
2457,15,Floor coverings,10649,
2457,16,"Driveway, paths & clean",9396,
2459,01,Preliminaries & fees,24391,
2459,02,Site works & earthworks,15061,
2459,03,Concrete slab & piers,40262,
2459,04,Plumbing & drainage,30987,
2459,05,Frame & trusses,39325,
2459,06,Roofing & gutters,24263,
2459,07,Bricklaying & cladding,35631,
2459,08,Windows & external doors,20893,
2459,09,Electrical,18694,
2459,10,Insulation & plasterboard,25644,
2459,11,Cabinetry & joinery,30257,
2459,12,Tiling & waterproofing,17893,
2459,13,Carpentry fit-off & doors,15857,
2459,14,Painting,15370,
2459,15,Floor coverings,10900,
2459,16,"Driveway, paths & clean",11348,
2460,01,Preliminaries & fees,14325,
2460,02,Site works & earthworks,9612,
2460,03,Concrete slab & piers,24038,
2460,04,Plumbing & drainage,21066,
2460,05,Frame & trusses,29261,
2460,06,Roofing & gutters,14575,
2460,07,Bricklaying & cladding,24477,
2460,08,Windows & external doors,14123,
2460,09,Electrical,12715,
2460,10,Insulation & plasterboard,16086,
2460,11,Cabinetry & joinery,19065,
2460,12,Tiling & waterproofing,11847,
2460,13,Carpentry fit-off & doors,10619,
2460,14,Painting,9674,
2460,15,Floor coverings,7741,
2460,16,"Driveway, paths & clean",7223,
2463,01,Preliminaries & fees,15864,
2463,02,Site works & earthworks,11096,
2463,03,Concrete slab & piers,26112,
2463,04,Plumbing & drainage,23342,
2463,05,Frame & trusses,28781,
2463,06,Roofing & gutters,15630,
2463,07,Bricklaying & cladding,26634,
2463,08,Windows & external doors,17627,
2463,09,Electrical,13260,
2463,10,Insulation & plasterboard,20472,
2463,11,Cabinetry & joinery,21262,
2463,12,Tiling & waterproofing,13511,
2463,13,Carpentry fit-off & doors,11034,
2463,14,Painting,12036,
2463,15,Floor coverings,8155,
2463,16,"Driveway, paths & clean",8616,
2464,01,Preliminaries & fees,19921,
2464,02,Site works & earthworks,13353,
2464,03,Concrete slab & piers,33868,
2464,04,Plumbing & drainage,26333,
2464,05,Frame & trusses,37237,
2464,06,Roofing & gutters,19826,
2464,07,Bricklaying & cladding,33691,
2464,08,Windows & external doors,19455,
2464,09,Electrical,16274,
2464,10,Insulation & plasterboard,24542,
2464,11,Cabinetry & joinery,28767,
2464,12,Tiling & waterproofing,17967,
2464,13,Carpentry fit-off & doors,15001,
2464,14,Painting,13285,
2464,15,Floor coverings,9949,
2464,16,"Driveway, paths & clean",10815,
2466,01,Preliminaries & fees,19466,
2466,02,Site works & earthworks,13433,
2466,03,Concrete slab & piers,34125,
2466,04,Plumbing & drainage,27742,
2466,05,Frame & trusses,34347,
2466,06,Roofing & gutters,20722,
2466,07,Bricklaying & cladding,33027,
2466,08,Windows & external doors,18816,
2466,09,Electrical,16996,
2466,10,Insulation & plasterboard,23793,
2466,11,Cabinetry & joinery,24372,
2466,12,Tiling & waterproofing,16270,
2466,13,Carpentry fit-off & doors,12403,
2466,14,Painting,12990,
2466,15,Floor coverings,10049,
2466,16,"Driveway, paths & clean",10123,
2468,01,Preliminaries & fees,18353,
2468,02,Site works & earthworks,11879,
2468,03,Concrete slab & piers,27562,
2468,04,Plumbing & drainage,24288,
2468,05,Frame & trusses,32243,
2468,06,Roofing & gutters,16325,
2468,07,Bricklaying & cladding,26838,
2468,08,Windows & external doors,18138,
2468,09,Electrical,14647,
2468,10,Insulation & plasterboard,19093,
2468,11,Cabinetry & joinery,24237,
2468,12,Tiling & waterproofing,15307,
2468,13,Carpentry fit-off & doors,11786,
2468,14,Painting,11392,
2468,15,Floor coverings,7936,
2468,16,"Driveway, paths & clean",8182,
2471,01,Preliminaries & fees,25881,
2471,02,Site works & earthworks,17347,
2471,03,Concrete slab & piers,41465,
2471,04,Plumbing & drainage,37304,
2471,05,Frame & trusses,48064,
2471,06,Roofing & gutters,26725,
2471,07,Bricklaying & cladding,46184,
2471,08,Windows & external doors,27476,
2471,09,Electrical,22863,
2471,10,Insulation & plasterboard,29761,
2471,11,Cabinetry & joinery,37964,
2471,12,Tiling & waterproofing,21286,
2471,13,Carpentry fit-off & doors,19065,
2471,14,Painting,18580,
2471,15,Floor coverings,13292,
2471,16,"Driveway, paths & clean",13925,
2473,01,Preliminaries & fees,17551,
2473,02,Site works & earthworks,12245,
2473,03,Concrete slab & piers,29774,
2473,04,Plumbing & drainage,22084,
2473,05,Frame & trusses,30454,
2473,06,Roofing & gutters,16594,
2473,07,Bricklaying & cladding,26753,
2473,08,Windows & external doors,17236,
2473,09,Electrical,15087,
2473,10,Insulation & plasterboard,19279,
2473,11,Cabinetry & joinery,21499,
2473,12,Tiling & waterproofing,14711,
2473,13,Carpentry fit-off & doors,12342,
2473,14,Painting,11990,
2473,15,Floor coverings,8287,
2473,16,"Driveway, paths & clean",9392,
2474,01,Preliminaries & fees,26060,
2474,02,Site works & earthworks,17832,
2474,03,Concrete slab & piers,47667,
2474,04,Plumbing & drainage,37089,
2474,05,Frame & trusses,51772,
2474,06,Roofing & gutters,26078,
2474,07,Bricklaying & cladding,45186,
2474,08,Windows & external doors,24701,
2474,09,Electrical,22874,
2474,10,Insulation & plasterboard,32398,
2474,11,Cabinetry & joinery,37215,
2474,12,Tiling & waterproofing,22050,
2474,13,Carpentry fit-off & doors,17901,
2474,14,Painting,17037,
2474,15,Floor coverings,12586,
2474,16,"Driveway, paths & clean",13655,
2476,01,Preliminaries & fees,26734,
2476,02,Site works & earthworks,16433,
2476,03,Concrete slab & piers,42603,
2476,04,Plumbing & drainage,33527,
2476,05,Frame & trusses,49751,
2476,06,Roofing & gutters,27464,
2476,07,Bricklaying & cladding,45538,
2476,08,Windows & external doors,24175,
2476,09,Electrical,22450,
2476,10,Insulation & plasterboard,29067,
2476,11,Cabinetry & joinery,31581,
2476,12,Tiling & waterproofing,19937,
2476,13,Carpentry fit-off & doors,16145,
2476,14,Painting,18291,
2476,15,Floor coverings,11886,
2476,16,"Driveway, paths & clean",13015,
2478,01,Preliminaries & fees,15684,
2478,02,Site works & earthworks,11317,
2478,03,Concrete slab & piers,25484,
2478,04,Plumbing & drainage,22484,
2478,05,Frame & trusses,31749,
2478,06,Roofing & gutters,16841,
2478,07,Bricklaying & cladding,26982,
2478,08,Windows & external doors,15859,
2478,09,Electrical,13680,
2478,10,Insulation & plasterboard,19725,
2478,11,Cabinetry & joinery,20324,
2478,12,Tiling & waterproofing,14574,
2478,13,Carpentry fit-off & doors,10895,
2478,14,Painting,10800,
2478,15,Floor coverings,7861,
2478,16,"Driveway, paths & clean",8628,
