job_id,stage,pct,amount,invoice_date,invoice_no,paid_date
2361,Deposit,5,20755,2026-02-05,C3000,2026-02-11
2361,Base,15,62265,2026-06-24,C3001,2026-06-30
2361,Frame,20,83020,2026-08-03,C3002,2026-08-07
2361,Lock-up,25,103775,,,
2361,Fixing,20,83020,,,
2361,Practical completion,15,62265,,,
2363,Deposit,5,23330,2025-10-21,C3003,2025-10-29
2363,Base,15,69990,2026-03-22,C3004,2026-03-25
2363,Frame,20,93320,2026-04-22,C3005,2026-04-25
2363,Lock-up,25,116650,2026-06-20,C3006,2026-06-28
2363,Fixing,20,93320,2026-09-10,C3007,
2363,Practical completion,15,69990,,,
2364,Deposit,5,19525,2026-03-25,C3008,2026-03-30
2364,Base,15,58575,2026-08-05,C3009,2026-08-10
2364,Frame,20,78100,,,
2364,Lock-up,25,97625,,,
2364,Fixing,20,78100,,,
2364,Practical completion,15,58575,,,
2366,Deposit,5,25230,2025-11-19,C3011,2025-11-23
2366,Base,15,75690,2026-03-30,C3012,2026-04-02
2366,Frame,20,100920,2026-05-09,C3013,2026-05-15
2366,Lock-up,25,126150,2026-06-26,C3014,2026-07-01
2366,Fixing,20,100920,2026-09-03,C3015,
2366,Practical completion,15,75690,,,
2369,Deposit,5,18505,2026-02-22,C3016,2026-02-25
2369,Base,15,55515,2026-07-19,C3017,2026-07-24
2369,Frame,20,74020,2026-08-23,C3018,2026-08-30
2369,Lock-up,25,92525,,,
2369,Fixing,20,74020,,,
2369,Practical completion,15,55515,,,
2371,Deposit,5,16670,2026-06-17,C3019,2026-06-22
2371,Base,15,50010,,,
2371,Frame,20,66680,,,
2371,Lock-up,25,83350,,,
2371,Fixing,20,66680,,,
2371,Practical completion,15,50010,,,
2372,Deposit,5,18490,2026-02-04,C3020,2026-02-06
2372,Base,15,55470,2026-06-21,C3021,2026-06-24
2372,Frame,20,73960,2026-07-23,C3022,2026-07-25
2372,Lock-up,25,92450,2026-09-28,C3023,
2372,Fixing,20,73960,,,
2372,Practical completion,15,55470,,,
2374,Deposit,5,16520,2026-01-14,C3024,2026-01-20
2374,Base,15,49560,2026-07-02,C3025,2026-07-04
2374,Frame,20,66080,2026-08-08,C3026,2026-08-13
2374,Lock-up,25,82600,,,
2374,Fixing,20,66080,,,
2374,Practical completion,15,49560,,,
2377,Deposit,5,19745,2025-09-28,C3027,2025-10-03
2377,Base,15,59235,2026-03-13,C3028,2026-03-19
2377,Frame,20,78980,2026-04-18,C3029,2026-04-20
2377,Lock-up,25,98725,2026-06-15,C3030,2026-06-20
2377,Fixing,20,78980,2026-08-26,C3031,2026-08-28
2377,Practical completion,15,59235,,,
2378,Deposit,5,19225,2025-09-24,C3033,2025-09-28
2378,Base,15,57675,2026-02-20,C3034,2026-02-26
2378,Frame,20,76900,2026-04-02,C3035,2026-04-09
2378,Lock-up,25,96125,2026-06-10,C3036,2026-06-13
2378,Fixing,20,76900,2026-08-31,C3037,
2378,Practical completion,15,57675,,,
2381,Deposit,5,22410,2025-11-22,C3039,2025-11-25
2381,Base,15,67230,2026-05-16,C3040,2026-05-19
2381,Frame,20,89640,2026-06-28,C3041,2026-07-05
2381,Lock-up,25,112050,2026-09-03,C3042,
2381,Fixing,20,89640,,,
2381,Practical completion,15,67230,,,
2383,Deposit,5,18730,2026-05-25,C3043,2026-05-27
2383,Base,15,56190,,,
2383,Frame,20,74920,,,
2383,Lock-up,25,93650,,,
2383,Fixing,20,74920,,,
2383,Practical completion,15,56190,,,
2384,Deposit,5,24990,2026-03-23,C3044,2026-03-30
2384,Base,15,74970,,,
2384,Frame,20,99960,,,
2384,Lock-up,25,124950,,,
2384,Fixing,20,99960,,,
2384,Practical completion,15,74970,,,
2387,Deposit,5,24310,2026-01-04,C3046,2026-01-06
2387,Base,15,72930,2026-06-22,C3047,2026-06-25
2387,Frame,20,97240,2026-07-27,C3048,2026-08-04
2387,Lock-up,25,121550,,,
2387,Fixing,20,97240,,,
2387,Practical completion,15,72930,,,
2388,Deposit,5,19480,2026-06-14,C3050,2026-06-18
2388,Base,15,58440,,,
2388,Frame,20,77920,,,
2388,Lock-up,25,97400,,,
2388,Fixing,20,77920,,,
2388,Practical completion,15,58440,,,
2390,Deposit,5,18205,2026-01-29,C3051,2026-02-03
2390,Base,15,54615,2026-06-29,C3052,2026-07-07
2390,Frame,20,72820,2026-07-28,C3053,2026-08-04
2390,Lock-up,25,91025,2026-09-18,C3054,2026-09-21
2390,Fixing,20,72820,,,
2390,Practical completion,15,54615,,,
2392,Deposit,5,16995,2025-10-02,C3055,2025-10-10
2392,Base,15,50985,2026-02-15,C3056,2026-02-17
2392,Frame,20,67980,2026-03-27,C3057,2026-04-02
2392,Lock-up,25,84975,2026-05-25,C3058,2026-05-29
2392,Fixing,20,67980,2026-08-10,C3059,2026-08-15
2392,Practical completion,15,50985,2026-09-05,C3060,2026-09-07
2395,Deposit,5,23375,2025-10-22,C3061,2025-10-30
2395,Base,15,70125,2026-02-27,C3062,2026-03-01
2395,Frame,20,93500,2026-04-13,C3063,2026-04-21
2395,Lock-up,25,116875,2026-06-16,C3064,2026-06-18
2395,Fixing,20,93500,2026-08-27,C3065,2026-08-30
2395,Practical completion,15,70125,2026-09-20,C3066,2026-09-27
2397,Deposit,5,23105,2025-09-26,C3067,2025-09-28
2397,Base,15,69315,2026-03-23,C3068,2026-03-29
2397,Frame,20,92420,2026-05-01,C3069,2026-05-08
2397,Lock-up,25,115525,2026-06-16,C3070,2026-06-19
2397,Fixing,20,92420,2026-08-24,C3071,2026-08-29
2397,Practical completion,15,69315,2026-09-15,C3072,2026-09-18
2399,Deposit,5,20010,2025-11-15,C3073,2025-11-20
2399,Base,15,60030,2026-02-28,C3074,2026-03-02
2399,Frame,20,80040,2026-04-08,C3075,2026-04-15
2399,Lock-up,25,100050,2026-06-10,C3076,2026-06-15
2399,Fixing,20,80040,2026-08-28,C3077,2026-09-01
2399,Practical completion,15,60030,2026-09-22,C3078,2026-09-24
2401,Deposit,5,18675,2026-02-22,C3079,2026-02-28
2401,Base,15,56025,2026-08-20,C3080,2026-08-24
2401,Frame,20,74700,2026-09-17,C3081,2026-09-24
2401,Lock-up,25,93375,,,
2401,Fixing,20,74700,,,
2401,Practical completion,15,56025,,,
2402,Deposit,5,15890,2025-09-17,C3082,2025-09-20
2402,Base,15,47670,2026-03-03,C3083,2026-03-05
2402,Frame,20,63560,2026-04-06,C3084,2026-04-08
2402,Lock-up,25,79450,2026-06-05,C3085,2026-06-11
2402,Fixing,20,63560,2026-08-11,C3086,2026-08-17
2402,Practical completion,15,47670,2026-09-08,C3087,2026-09-13
2404,Deposit,5,22990,2025-11-05,C3088,2025-11-07
2404,Base,15,68970,2026-03-30,C3089,2026-04-07
2404,Frame,20,91960,2026-05-10,C3090,2026-05-14
2404,Lock-up,25,114950,2026-07-18,C3091,2026-07-20
2404,Fixing,20,91960,2026-09-25,C3092,2026-09-27
2404,Practical completion,15,68970,,,
2406,Deposit,5,25545,2025-09-30,C3093,2025-10-06
2406,Base,15,76635,2026-03-05,C3094,2026-03-08
2406,Frame,20,102180,2026-04-16,C3095,2026-04-23
2406,Lock-up,25,127725,2026-06-11,C3096,2026-06-16
2406,Fixing,20,102180,2026-09-02,C3097,2026-09-08
2406,Practical completion,15,76635,2026-09-26,C3098,
2408,Deposit,5,15990,2026-05-29,C3099,2026-06-05
2408,Base,15,47970,,,
2408,Frame,20,63960,,,
2408,Lock-up,25,79950,,,
2408,Fixing,20,63960,,,
2408,Practical completion,15,47970,,,
2411,Deposit,5,14810,2025-12-14,C3100,2025-12-21
2411,Base,15,44430,2026-04-08,C3101,2026-04-16
2411,Frame,20,59240,2026-05-04,C3102,2026-05-10
2411,Lock-up,25,74050,2026-07-21,C3103,2026-07-24
2411,Fixing,20,59240,,,
2411,Practical completion,15,44430,,,
2412,Deposit,5,22820,2025-12-17,C3104,2025-12-21
2412,Base,15,68460,2026-05-13,C3105,2026-05-20
2412,Frame,20,91280,2026-06-22,C3106,2026-06-25
2412,Lock-up,25,114100,2026-08-22,C3107,2026-08-27
2412,Fixing,20,91280,,,
2412,Practical completion,15,68460,,,
2414,Deposit,5,20480,2025-09-03,C3108,2025-09-10
2414,Base,15,61440,2026-02-09,C3109,2026-02-14
2414,Frame,20,81920,2026-03-14,C3110,2026-03-22
2414,Lock-up,25,102400,2026-05-30,C3111,2026-06-05
2414,Fixing,20,81920,2026-08-18,C3112,2026-08-21
2414,Practical completion,15,61440,2026-09-13,C3113,2026-09-18
2417,Deposit,5,14490,2025-11-14,C3114,2025-11-21
2417,Base,15,43470,2026-04-01,C3115,2026-04-04
2417,Frame,20,57960,2026-05-14,C3116,2026-05-22
2417,Lock-up,25,72450,2026-07-08,C3117,2026-07-15
2417,Fixing,20,57960,2026-09-20,C3118,2026-09-27
2417,Practical completion,15,43470,,,
2419,Deposit,5,16935,2025-10-24,C3119,2025-10-27
2419,Base,15,50805,2026-04-06,C3120,2026-04-12
2419,Frame,20,67740,2026-05-07,C3121,2026-05-11
2419,Lock-up,25,84675,2026-07-05,C3122,2026-07-09
2419,Fixing,20,67740,2026-08-31,C3123,2026-09-02
2419,Practical completion,15,50805,2026-09-27,C3124,
2420,Deposit,5,17750,2025-12-20,C3125,2025-12-28
2420,Base,15,53250,2026-05-23,C3126,2026-05-29
2420,Frame,20,71000,2026-06-24,C3127,2026-06-28
2420,Lock-up,25,88750,2026-09-08,C3128,2026-09-10
2420,Fixing,20,71000,,,
2420,Practical completion,15,53250,,,
2423,Deposit,5,17850,2025-10-15,C3129,2025-10-21
2423,Base,15,53550,2026-02-27,C3130,2026-03-07
2423,Frame,20,71400,2026-04-10,C3131,2026-04-15
2423,Lock-up,25,89250,2026-06-09,C3132,2026-06-13
2423,Fixing,20,71400,2026-09-09,C3133,2026-09-11
2423,Practical completion,15,53550,,,
2424,Deposit,5,17400,2026-03-31,C3134,2026-04-08
2424,Base,15,52200,2026-08-24,C3135,2026-08-27
2424,Frame,20,69600,2026-09-21,C3136,
2424,Lock-up,25,87000,,,
2424,Fixing,20,69600,,,
2424,Practical completion,15,52200,,,
2426,Deposit,5,18700,2026-01-27,C3137,2026-02-01
2426,Base,15,56100,2026-05-28,C3138,2026-06-05
2426,Frame,20,74800,2026-07-13,C3139,2026-07-20
2426,Lock-up,25,93500,2026-09-04,C3140,2026-09-09
2426,Fixing,20,74800,,,
2426,Practical completion,15,56100,,,
2429,Deposit,5,17360,2025-10-17,C3141,2025-10-22
2429,Base,15,52080,2026-02-18,C3142,2026-02-25
2429,Frame,20,69440,2026-03-23,C3143,2026-03-25
2429,Lock-up,25,86800,2026-06-02,C3144,2026-06-07
2429,Fixing,20,69440,2026-08-15,C3145,2026-08-17
2429,Practical completion,15,52080,2026-09-07,C3146,2026-09-14
2430,Deposit,5,16110,2025-12-19,C3147,2025-12-27
2430,Base,15,48330,2026-06-05,C3148,2026-06-11
2430,Frame,20,64440,2026-07-13,C3149,2026-07-17
2430,Lock-up,25,80550,2026-08-31,C3150,2026-09-05
2430,Fixing,20,64440,,,
2430,Practical completion,15,48330,,,
2432,Deposit,5,21405,2026-04-17,C3151,2026-04-22
2432,Base,15,64215,2026-08-05,C3152,2026-08-08
2432,Frame,20,85620,2026-09-10,C3153,2026-09-17
2432,Lock-up,25,107025,,,
2432,Fixing,20,85620,,,
2432,Practical completion,15,64215,,,
2434,Deposit,5,17700,2025-11-15,C3154,2025-11-19
2434,Base,15,53100,2026-04-16,C3155,2026-04-18
2434,Frame,20,70800,2026-05-17,C3156,2026-05-19
2434,Lock-up,25,88500,2026-07-04,C3157,2026-07-08
2434,Fixing,20,70800,2026-09-20,C3158,2026-09-23
2434,Practical completion,15,53100,,,
2437,Deposit,5,16570,2026-06-13,C3159,2026-06-20
2437,Base,15,49710,,,
2437,Frame,20,66280,,,
2437,Lock-up,25,82850,,,
2437,Fixing,20,66280,,,
2437,Practical completion,15,49710,,,
2439,Deposit,5,20755,2025-11-07,C3160,2025-11-12
2439,Base,15,62265,2026-03-20,C3161,2026-03-27
2439,Frame,20,83020,2026-04-21,C3162,2026-04-28
2439,Lock-up,25,103775,2026-06-18,C3163,2026-06-21
2439,Fixing,20,83020,2026-09-06,C3164,2026-09-08
2439,Practical completion,15,62265,,,
2441,Deposit,5,24820,2026-07-09,C3165,2026-07-11
2441,Base,15,74460,,,
2441,Frame,20,99280,,,
2441,Lock-up,25,124100,,,
2441,Fixing,20,99280,,,
2441,Practical completion,15,74460,,,
2443,Deposit,5,24515,2026-02-06,C3166,2026-02-11
2443,Base,15,73545,2026-06-14,C3167,2026-06-16
2443,Frame,20,98060,2026-07-20,C3168,2026-07-22
2443,Lock-up,25,122575,2026-09-19,C3169,2026-09-25
2443,Fixing,20,98060,,,
2443,Practical completion,15,73545,,,
2445,Deposit,5,18565,2025-12-27,C3170,2026-01-02
2445,Base,15,55695,2026-05-23,C3171,2026-05-29
2445,Frame,20,74260,2026-07-01,C3172,2026-07-08
2445,Lock-up,25,92825,2026-08-20,C3173,2026-08-25
2445,Fixing,20,74260,,,
2445,Practical completion,15,55695,,,
2447,Deposit,5,16695,2026-03-21,C3174,2026-03-27
2447,Base,15,50085,2026-08-11,C3175,2026-08-15
2447,Frame,20,66780,2026-09-12,C3176,2026-09-16
2447,Lock-up,25,83475,,,
2447,Fixing,20,66780,,,
2447,Practical completion,15,50085,,,
2448,Deposit,5,16810,2025-09-13,C3177,2025-09-17
2448,Base,15,50430,2026-03-09,C3178,2026-03-15
2448,Frame,20,67240,2026-04-18,C3179,2026-04-25
2448,Lock-up,25,84050,2026-06-27,C3180,2026-06-30
2448,Fixing,20,67240,2026-09-15,C3181,2026-09-19
2448,Practical completion,15,50430,,,
2450,Deposit,5,19765,2025-11-20,C3182,2025-11-23
2450,Base,15,59295,2026-04-08,C3183,2026-04-13
2450,Frame,20,79060,2026-05-15,C3184,2026-05-23
2450,Lock-up,25,98825,2026-07-03,C3185,2026-07-07
2450,Fixing,20,79060,2026-09-11,C3186,2026-09-13
2450,Practical completion,15,59295,,,
2453,Deposit,5,24555,2026-06-06,C3187,2026-06-10
2453,Base,15,73665,,,
2453,Frame,20,98220,,,
2453,Lock-up,25,122775,,,
2453,Fixing,20,98220,,,
2453,Practical completion,15,73665,,,
2454,Deposit,5,18065,2025-12-23,C3188,2025-12-25
2454,Base,15,54195,2026-06-14,C3189,2026-06-19
2454,Frame,20,72260,2026-07-17,C3190,2026-07-23
2454,Lock-up,25,90325,2026-09-08,C3191,2026-09-12
2454,Fixing,20,72260,,,
2454,Practical completion,15,54195,,,
2457,Deposit,5,19220,2026-01-05,C3192,2026-01-12
2457,Base,15,57660,2026-05-24,C3193,2026-05-31
2457,Frame,20,76880,2026-06-24,C3194,2026-06-29
2457,Lock-up,25,96100,2026-08-22,C3195,2026-08-30
2457,Fixing,20,76880,,,
2457,Practical completion,15,57660,,,
2459,Deposit,5,22535,2025-09-09,C3196,2025-09-17
2459,Base,15,67605,2026-02-05,C3197,2026-02-08
2459,Frame,20,90140,2026-03-14,C3198,2026-03-18
2459,Lock-up,25,112675,2026-05-26,C3199,2026-06-03
2459,Fixing,20,90140,2026-08-18,C3200,2026-08-20
2459,Practical completion,15,67605,2026-09-20,C3201,2026-09-24
2460,Deposit,5,14785,2026-03-07,C3202,2026-03-15
2460,Base,15,44355,2026-07-23,C3203,2026-07-26
2460,Frame,20,59140,2026-08-22,C3204,2026-08-26
2460,Lock-up,25,73925,,,
2460,Fixing,20,59140,,,
2460,Practical completion,15,44355,,,
2463,Deposit,5,16385,2025-11-12,C3205,2025-11-18
2463,Base,15,49155,2026-03-12,C3206,2026-03-18
2463,Frame,20,65540,2026-04-20,C3207,2026-04-22
2463,Lock-up,25,81925,2026-06-12,C3208,2026-06-14
2463,Fixing,20,65540,2026-08-18,C3209,2026-08-20
2463,Practical completion,15,49155,2026-09-15,C3210,2026-09-20
2464,Deposit,5,20080,2025-12-04,C3211,2025-12-11
2464,Base,15,60240,2026-05-18,C3212,2026-05-22
2464,Frame,20,80320,2026-06-18,C3213,2026-06-26
2464,Lock-up,25,100400,2026-09-02,C3214,2026-09-04
2464,Fixing,20,80320,,,
2464,Practical completion,15,60240,,,
2466,Deposit,5,19395,2025-12-28,C3215,2026-01-05
2466,Base,15,58185,2026-05-16,C3216,2026-05-20
2466,Frame,20,77580,2026-06-17,C3217,2026-06-24
2466,Lock-up,25,96975,2026-08-11,C3218,2026-08-16
2466,Fixing,20,77580,,,
2466,Practical completion,15,58185,,,
2468,Deposit,5,16790,2025-11-01,C3219,2025-11-08
2468,Base,15,50370,2026-03-29,C3220,2026-04-05
2468,Frame,20,67160,2026-04-29,C3221,2026-05-05
2468,Lock-up,25,83950,2026-06-11,C3222,2026-06-19
2468,Fixing,20,67160,2026-09-05,C3223,2026-09-10
2468,Practical completion,15,50370,2026-09-26,C3224,
2471,Deposit,5,26295,2026-04-15,C3225,2026-04-21
2471,Base,15,78885,2026-09-05,C3226,2026-09-10
2471,Frame,20,105180,,,
2471,Lock-up,25,131475,,,
2471,Fixing,20,105180,,,
2471,Practical completion,15,78885,,,
2473,Deposit,5,16370,2026-03-15,C3227,2026-03-17
2473,Base,15,49110,2026-08-12,C3228,2026-08-14
2473,Frame,20,65480,2026-09-18,C3229,2026-09-23
2473,Lock-up,25,81850,,,
2473,Fixing,20,65480,,,
2473,Practical completion,15,49110,,,
2474,Deposit,5,25715,2025-10-23,C3230,2025-10-28
2474,Base,15,77145,2026-02-05,C3231,2026-02-10
2474,Frame,20,102860,2026-03-15,C3232,2026-03-22
2474,Lock-up,25,128575,2026-05-15,C3233,2026-05-19
2474,Fixing,20,102860,2026-08-03,C3234,2026-08-07
2474,Practical completion,15,77145,2026-09-03,C3235,2026-09-06
2476,Deposit,5,24445,2025-10-23,C3236,2025-10-27
2476,Base,15,73335,2026-02-22,C3237,2026-02-25
2476,Frame,20,97780,2026-04-07,C3238,2026-04-12
2476,Lock-up,25,122225,2026-05-25,C3239,2026-05-30
2476,Fixing,20,97780,2026-08-04,C3240,2026-08-11
2476,Practical completion,15,73335,2026-09-01,C3241,2026-09-05
2478,Deposit,5,15860,2025-09-19,C3242,2025-09-26
2478,Base,15,47580,2026-01-30,C3243,2026-02-04
2478,Frame,20,63440,2026-03-13,C3244,2026-03-16
2478,Lock-up,25,79300,2026-05-24,C3245,2026-06-01
2478,Fixing,20,63440,2026-08-10,C3246,2026-08-16
2478,Practical completion,15,47580,2026-09-06,C3247,2026-09-11
