po_id,job_id,cost_code,supplier,po_date,amount
PO5100,2361,01,Gulf Building Certifiers,2026-02-06,21870
PO5101,2361,02,Plains Earthmoving,2026-02-08,14360
PO5102,2361,03,Portside Concrete,2026-05-05,35720
PO5103,2361,04,Torrens Plumbing,2026-05-17,28180
PO5104,2361,05,Southern Cross Frames & Trusses,2026-06-04,39400
PO5105,2361,06,Ridgeline Roofing,2026-07-12,22900
PO5106,2361,07,Parklands Bricklaying,2026-07-18,35230
PO5107,2361,08,Northgate Windows & Doors,2026-07-13,21810
PO5108,2361,09,Brightline Electrical,2026-09-26,17580
PO5109,2361,13,Redgum Carpentry,2026-09-28,13640
PO5110,2361,14,Onka Painting,2026-09-26,13560
PO5111,2363,01,Gulf Building Certifiers,2025-10-28,22050
PO5112,2363,02,Plains Earthmoving,2025-10-28,15880
PO5113,2363,03,Portside Concrete,2026-02-08,42070
PO5114,2363,04,Torrens Plumbing,2026-01-30,33110
PO5115,2363,05,Southern Cross Frames & Trusses,2026-03-10,46320
PO5116,2363,06,Ridgeline Roofing,2026-04-01,26590
PO5117,2363,07,Parklands Bricklaying,2026-03-31,38000
PO5118,2363,08,Northgate Windows & Doors,2026-04-02,23420
PO5119,2363,09,Brightline Electrical,2026-06-07,19890
PO5120,2363,10,Coastal Plaster & Insulation,2026-05-29,30090
PO5121,2363,11,Mallee Kitchens & Joinery,2026-05-29,31910
PO5122,2363,12,Gulfview Tiling,2026-05-28,19070
PO5123,2363,13,Redgum Carpentry,2026-05-29,16570
PO5124,2363,14,Onka Painting,2026-06-09,15660
PO5125,2363,15,Riverland Floors,2026-08-26,11750
PO5126,2363,16,Metro Paving & Cleaning,2026-08-31,11440
PO5127,2364,01,Gulf Building Certifiers,2026-03-31,19960
PO5128,2364,02,Plains Earthmoving,2026-03-27,11920
PO5129,2364,03,Portside Concrete,2026-06-27,36220
PO5130,2364,04,Torrens Plumbing,2026-06-28,25880
PO5131,2364,05,Southern Cross Frames & Trusses,2026-07-21,35580
PO5132,2364,06,Ridgeline Roofing,2026-09-05,19160
PO5133,2364,07,Parklands Bricklaying,2026-08-27,34910
PO5134,2364,08,Northgate Windows & Doors,2026-09-08,20880
PO5135,2366,01,Gulf Building Certifiers,2025-11-29,25660
PO5136,2366,02,Plains Earthmoving,2025-11-21,16230
PO5137,2366,03,Portside Concrete,2026-02-21,40930
PO5138,2366,04,Torrens Plumbing,2026-02-15,32700
PO5139,2366,05,Southern Cross Frames & Trusses,2026-03-18,48300
PO5140,2366,06,Ridgeline Roofing,2026-04-25,24450
PO5141,2366,07,Parklands Bricklaying,2026-04-20,47240
PO5142,2366,08,Northgate Windows & Doors,2026-04-21,24640
PO5143,2366,09,Brightline Electrical,2026-06-12,21230
PO5144,2366,10,Coastal Plaster & Insulation,2026-06-08,30840
PO5145,2366,11,Mallee Kitchens & Joinery,2026-06-16,33280
PO5146,2366,12,Gulfview Tiling,2026-06-07,22830
PO5147,2366,13,Redgum Carpentry,2026-06-17,17060
PO5148,2366,14,Onka Painting,2026-06-07,16700
PO5149,2366,15,Riverland Floors,2026-08-14,13110
PO5150,2366,16,Metro Paving & Cleaning,2026-08-19,13890
PO5151,2369,01,Gulf Building Certifiers,2026-02-22,19650
PO5152,2369,02,Plains Earthmoving,2026-03-02,13340
PO5153,2369,03,Portside Concrete,2026-06-17,31740
PO5154,2369,04,Torrens Plumbing,2026-06-04,25050
PO5155,2369,05,Southern Cross Frames & Trusses,2026-07-07,34870
PO5156,2369,06,Ridgeline Roofing,2026-08-06,20250
PO5157,2369,07,Parklands Bricklaying,2026-08-10,32300
PO5158,2369,08,Northgate Windows & Doors,2026-08-08,19650
PO5159,2371,01,Gulf Building Certifiers,2026-06-19,16780
PO5160,2371,02,Plains Earthmoving,2026-06-18,12310
PO5161,2371,03,Portside Concrete,2026-09-26,28480
PO5162,2371,04,Torrens Plumbing,2026-09-28,22380
PO5163,2372,01,Gulf Building Certifiers,2026-02-09,18460
PO5164,2372,02,Plains Earthmoving,2026-02-09,13210
PO5165,2372,03,Portside Concrete,2026-05-08,31760
PO5166,2372,04,Torrens Plumbing,2026-05-10,26850
PO5167,2372,05,Southern Cross Frames & Trusses,2026-06-12,34970
PO5168,2372,06,Ridgeline Roofing,2026-07-09,19070
PO5169,2372,07,Parklands Bricklaying,2026-07-03,29950
PO5170,2372,08,Northgate Windows & Doors,2026-07-13,18420
PO5171,2372,09,Brightline Electrical,2026-09-16,15210
PO5172,2372,10,Coastal Plaster & Insulation,2026-09-10,20260
PO5173,2372,11,Mallee Kitchens & Joinery,2026-09-09,27140
PO5174,2372,12,Gulfview Tiling,2026-09-10,15460
PO5175,2372,13,Redgum Carpentry,2026-09-10,11890
PO5176,2372,14,Onka Painting,2026-09-16,12810
PO5177,2374,01,Gulf Building Certifiers,2026-01-21,17860
PO5178,2374,02,Plains Earthmoving,2026-01-16,11120
PO5179,2374,03,Portside Concrete,2026-05-23,27760
PO5180,2374,04,Torrens Plumbing,2026-05-18,22940
PO5181,2374,05,Southern Cross Frames & Trusses,2026-06-12,33000
PO5182,2374,06,Ridgeline Roofing,2026-07-17,17180
PO5183,2374,07,Parklands Bricklaying,2026-07-28,27150
PO5184,2374,08,Northgate Windows & Doors,2026-07-30,15800
PO5185,2377,01,Gulf Building Certifiers,2025-09-29,21030
PO5186,2377,02,Plains Earthmoving,2025-10-03,13170
PO5187,2377,03,Portside Concrete,2026-02-03,33580
PO5188,2377,04,Torrens Plumbing,2026-01-23,27830
PO5189,2377,05,Southern Cross Frames & Trusses,2026-02-25,37290
PO5190,2377,06,Ridgeline Roofing,2026-03-29,19410
PO5191,2377,07,Parklands Bricklaying,2026-04-10,36390
PO5192,2377,08,Northgate Windows & Doors,2026-03-29,18750
PO5193,2377,09,Brightline Electrical,2026-05-26,17240
PO5194,2377,10,Coastal Plaster & Insulation,2026-05-25,23100
PO5195,2377,11,Mallee Kitchens & Joinery,2026-05-27,25630
PO5196,2377,12,Gulfview Tiling,2026-05-26,15950
PO5197,2377,13,Redgum Carpentry,2026-05-30,14320
PO5198,2377,14,Onka Painting,2026-06-05,13140
PO5199,2377,15,Riverland Floors,2026-08-15,9470
PO5200,2377,16,Metro Paving & Cleaning,2026-08-06,10550
PO5201,2378,01,Gulf Building Certifiers,2025-09-27,18380
PO5202,2378,02,Plains Earthmoving,2025-09-26,12840
PO5203,2378,03,Portside Concrete,2026-01-10,31630
PO5204,2378,04,Torrens Plumbing,2026-01-09,24950
PO5205,2378,05,Southern Cross Frames & Trusses,2026-02-02,40970
PO5206,2378,06,Ridgeline Roofing,2026-03-18,22230
PO5207,2378,07,Parklands Bricklaying,2026-03-24,38830
PO5208,2378,08,Northgate Windows & Doors,2026-03-25,19290
PO5209,2378,09,Brightline Electrical,2026-05-31,18180
PO5210,2378,10,Coastal Plaster & Insulation,2026-05-30,24670
PO5211,2378,11,Mallee Kitchens & Joinery,2026-05-26,25550
PO5212,2378,12,Gulfview Tiling,2026-05-19,17570
PO5213,2378,13,Redgum Carpentry,2026-06-02,12930
PO5214,2378,14,Onka Painting,2026-05-31,13050
PO5215,2378,15,Riverland Floors,2026-08-16,11020
PO5216,2378,16,Metro Paving & Cleaning,2026-08-22,10610
PO5217,2381,01,Gulf Building Certifiers,2025-11-26,22420
PO5218,2381,02,Plains Earthmoving,2025-11-30,14550
PO5219,2381,03,Portside Concrete,2026-04-03,37380
PO5220,2381,04,Torrens Plumbing,2026-04-04,30510
PO5221,2381,05,Southern Cross Frames & Trusses,2026-04-25,42090
PO5222,2381,06,Ridgeline Roofing,2026-06-06,24240
PO5223,2381,07,Parklands Bricklaying,2026-06-18,40560
PO5224,2381,08,Northgate Windows & Doors,2026-06-15,24650
PO5225,2381,09,Brightline Electrical,2026-08-21,20430
PO5226,2381,10,Coastal Plaster & Insulation,2026-08-13,29070
PO5227,2381,11,Mallee Kitchens & Joinery,2026-08-23,29120
PO5228,2381,12,Gulfview Tiling,2026-08-25,22050
PO5229,2381,13,Redgum Carpentry,2026-08-21,15970
PO5230,2381,14,Onka Painting,2026-08-14,15950
PO5231,2383,01,Gulf Building Certifiers,2026-05-30,20550
PO5232,2383,02,Plains Earthmoving,2026-06-02,13960
PO5233,2383,03,Portside Concrete,2026-08-24,31960
PO5234,2383,04,Torrens Plumbing,2026-08-17,26420
PO5235,2383,05,Southern Cross Frames & Trusses,2026-09-19,37760
PO5236,2384,01,Gulf Building Certifiers,2026-03-25,28170
PO5237,2384,02,Plains Earthmoving,2026-03-23,18750
PO5238,2384,03,Portside Concrete,2026-08-12,46360
PO5239,2384,04,Torrens Plumbing,2026-08-08,37640
PO5240,2384,05,Southern Cross Frames & Trusses,2026-08-28,44440
PO5241,2387,01,Gulf Building Certifiers,2026-01-05,24480
PO5242,2387,02,Plains Earthmoving,2026-01-09,17610
PO5243,2387,03,Portside Concrete,2026-05-05,42850
PO5244,2387,04,Torrens Plumbing,2026-05-18,35600
PO5245,2387,05,Southern Cross Frames & Trusses,2026-06-11,47630
PO5246,2387,06,Ridgeline Roofing,2026-07-07,24050
PO5247,2387,07,Parklands Bricklaying,2026-07-10,41460
PO5248,2387,08,Northgate Windows & Doors,2026-07-18,27560
PO5249,2387,09,Brightline Electrical,2026-09-15,22100
PO5250,2387,10,Coastal Plaster & Insulation,2026-09-15,32650
PO5251,2387,11,Mallee Kitchens & Joinery,2026-09-10,34490
PO5252,2387,12,Gulfview Tiling,2026-09-08,22750
PO5253,2387,13,Redgum Carpentry,2026-09-12,18010
PO5254,2387,14,Onka Painting,2026-09-06,15760
PO5255,2388,01,Gulf Building Certifiers,2026-06-17,19230
PO5256,2388,02,Plains Earthmoving,2026-06-18,13770
PO5257,2390,01,Gulf Building Certifiers,2026-01-30,17700
PO5258,2390,02,Plains Earthmoving,2026-02-05,11980
PO5259,2390,03,Portside Concrete,2026-05-18,32600
PO5260,2390,04,Torrens Plumbing,2026-05-28,25490
PO5261,2390,05,Southern Cross Frames & Trusses,2026-06-19,37340
PO5262,2390,06,Ridgeline Roofing,2026-07-12,19190
PO5263,2390,07,Parklands Bricklaying,2026-07-12,31290
PO5264,2390,08,Northgate Windows & Doors,2026-07-18,17610
PO5265,2390,09,Brightline Electrical,2026-09-06,16320
PO5266,2390,10,Coastal Plaster & Insulation,2026-09-03,22190
PO5267,2390,11,Mallee Kitchens & Joinery,2026-09-01,27300
PO5268,2390,12,Gulfview Tiling,2026-09-08,16070
PO5269,2390,13,Redgum Carpentry,2026-09-08,13200
PO5270,2390,14,Onka Painting,2026-09-08,13710
PO5271,2392,01,Gulf Building Certifiers,2025-10-09,16790
PO5272,2392,02,Plains Earthmoving,2025-10-05,12070
PO5273,2392,03,Portside Concrete,2026-01-06,29180
PO5274,2392,04,Torrens Plumbing,2026-01-05,25810
PO5275,2392,05,Southern Cross Frames & Trusses,2026-01-30,30530
PO5276,2392,06,Ridgeline Roofing,2026-03-09,17960
PO5277,2392,07,Parklands Bricklaying,2026-03-19,29480
PO5278,2392,08,Northgate Windows & Doors,2026-03-13,18770
PO5279,2392,09,Brightline Electrical,2026-05-04,14420
PO5280,2392,10,Coastal Plaster & Insulation,2026-05-04,21420
PO5281,2392,11,Mallee Kitchens & Joinery,2026-05-16,22980
PO5282,2392,12,Gulfview Tiling,2026-05-04,14620
PO5283,2392,13,Redgum Carpentry,2026-05-16,12220
PO5284,2392,14,Onka Painting,2026-05-07,12020
PO5285,2392,15,Riverland Floors,2026-07-23,9670
PO5286,2392,16,Metro Paving & Cleaning,2026-07-25,8460
PO5287,2395,01,Gulf Building Certifiers,2025-10-23,25650
PO5288,2395,02,Plains Earthmoving,2025-10-26,15910
PO5289,2395,03,Portside Concrete,2026-01-08,41420
PO5290,2395,04,Torrens Plumbing,2026-01-14,32490
PO5291,2395,05,Southern Cross Frames & Trusses,2026-02-08,47620
PO5292,2395,06,Ridgeline Roofing,2026-03-29,26330
PO5293,2395,07,Parklands Bricklaying,2026-03-30,40510
PO5294,2395,08,Northgate Windows & Doors,2026-04-02,25480
PO5295,2395,09,Brightline Electrical,2026-06-07,19260
PO5296,2395,10,Coastal Plaster & Insulation,2026-06-03,28070
PO5297,2395,11,Mallee Kitchens & Joinery,2026-05-27,30730
PO5298,2395,12,Gulfview Tiling,2026-05-27,21440
PO5299,2395,13,Redgum Carpentry,2026-05-27,16650
PO5300,2395,14,Onka Painting,2026-05-28,17190
PO5301,2395,15,Riverland Floors,2026-08-14,11820
PO5302,2395,16,Metro Paving & Cleaning,2026-08-18,13400
PO5303,2397,01,Gulf Building Certifiers,2025-10-04,24830
PO5304,2397,02,Plains Earthmoving,2025-09-25,16200
PO5305,2397,03,Portside Concrete,2026-02-16,37460
PO5306,2397,04,Torrens Plumbing,2026-02-19,32180
PO5307,2397,05,Southern Cross Frames & Trusses,2026-03-05,45110
PO5308,2397,06,Ridgeline Roofing,2026-04-22,26060
PO5309,2397,07,Parklands Bricklaying,2026-04-10,40590
PO5310,2397,08,Northgate Windows & Doors,2026-04-10,26320
PO5311,2397,09,Brightline Electrical,2026-06-06,20980
PO5312,2397,10,Coastal Plaster & Insulation,2026-05-30,30690
PO5313,2397,11,Mallee Kitchens & Joinery,2026-06-05,34350
PO5314,2397,12,Gulfview Tiling,2026-05-27,21190
PO5315,2397,13,Redgum Carpentry,2026-05-25,16130
PO5316,2397,14,Onka Painting,2026-06-05,16900
PO5317,2397,15,Riverland Floors,2026-08-09,12510
PO5318,2397,16,Metro Paving & Cleaning,2026-08-13,11780
PO5319,2399,01,Gulf Building Certifiers,2025-11-18,19840
PO5320,2399,02,Plains Earthmoving,2025-11-18,14550
PO5321,2399,03,Portside Concrete,2026-01-20,33670
PO5322,2399,04,Torrens Plumbing,2026-01-17,28080
PO5323,2399,05,Southern Cross Frames & Trusses,2026-02-17,37020
PO5324,2399,06,Ridgeline Roofing,2026-03-18,21790
PO5325,2399,07,Parklands Bricklaying,2026-03-24,33870
PO5326,2399,08,Northgate Windows & Doors,2026-03-28,21620
PO5327,2399,09,Brightline Electrical,2026-05-25,17690
PO5328,2399,10,Coastal Plaster & Insulation,2026-05-19,23050
PO5329,2399,11,Mallee Kitchens & Joinery,2026-06-01,26880
PO5330,2399,12,Gulfview Tiling,2026-05-24,16260
PO5331,2399,13,Redgum Carpentry,2026-06-02,13940
PO5332,2399,14,Onka Painting,2026-05-30,13040
PO5333,2399,15,Riverland Floors,2026-08-21,9960
PO5334,2399,16,Metro Paving & Cleaning,2026-08-21,10490
PO5335,2401,01,Gulf Building Certifiers,2026-03-02,17250
PO5336,2401,02,Plains Earthmoving,2026-02-26,12180
PO5337,2401,03,Portside Concrete,2026-07-15,29490
PO5338,2401,04,Torrens Plumbing,2026-07-11,25880
PO5339,2401,05,Southern Cross Frames & Trusses,2026-08-01,36390
PO5340,2401,06,Ridgeline Roofing,2026-09-06,19620
PO5341,2401,07,Parklands Bricklaying,2026-09-04,34280
PO5342,2401,08,Northgate Windows & Doors,2026-08-30,18930
PO5343,2402,01,Gulf Building Certifiers,2025-09-21,18130
PO5344,2402,02,Plains Earthmoving,2025-09-21,10770
PO5345,2402,03,Portside Concrete,2026-01-20,26210
PO5346,2402,04,Torrens Plumbing,2026-01-25,20700
PO5347,2402,05,Southern Cross Frames & Trusses,2026-02-19,29840
PO5348,2402,06,Ridgeline Roofing,2026-03-17,17080
PO5349,2402,07,Parklands Bricklaying,2026-03-25,29010
PO5350,2402,08,Northgate Windows & Doors,2026-03-22,15870
PO5351,2402,09,Brightline Electrical,2026-05-23,13100
PO5352,2402,10,Coastal Plaster & Insulation,2026-05-26,20320
PO5353,2402,11,Mallee Kitchens & Joinery,2026-05-14,22810
PO5354,2402,12,Gulfview Tiling,2026-05-28,16120
PO5355,2402,13,Redgum Carpentry,2026-05-19,10860
PO5356,2402,14,Onka Painting,2026-05-15,10630
PO5357,2402,15,Riverland Floors,2026-08-01,7770
PO5358,2402,16,Metro Paving & Cleaning,2026-07-27,8700
PO5359,2404,01,Gulf Building Certifiers,2025-11-10,24190
PO5360,2404,02,Plains Earthmoving,2025-11-11,16550
PO5361,2404,03,Portside Concrete,2026-02-20,41760
PO5362,2404,04,Torrens Plumbing,2026-02-11,32640
PO5363,2404,05,Southern Cross Frames & Trusses,2026-03-15,43000
PO5364,2404,06,Ridgeline Roofing,2026-04-23,23400
PO5365,2404,07,Parklands Bricklaying,2026-04-28,40390
PO5366,2404,08,Northgate Windows & Doors,2026-04-22,26150
PO5367,2404,09,Brightline Electrical,2026-07-06,20560
PO5368,2404,10,Coastal Plaster & Insulation,2026-07-03,26420
PO5369,2404,11,Mallee Kitchens & Joinery,2026-07-05,31260
PO5370,2404,12,Gulfview Tiling,2026-07-02,19550
PO5371,2404,13,Redgum Carpentry,2026-07-04,15870
PO5372,2404,14,Onka Painting,2026-06-30,15380
PO5373,2404,15,Riverland Floors,2026-09-15,13470
PO5374,2404,16,Metro Paving & Cleaning,2026-09-12,11380
PO5375,2406,01,Gulf Building Certifiers,2025-10-05,23420
PO5376,2406,02,Plains Earthmoving,2025-10-03,18190
PO5377,2406,03,Portside Concrete,2026-01-20,46030
PO5378,2406,04,Torrens Plumbing,2026-01-27,36410
PO5379,2406,05,Southern Cross Frames & Trusses,2026-02-20,52520
PO5380,2406,06,Ridgeline Roofing,2026-04-07,27100
PO5381,2406,07,Parklands Bricklaying,2026-03-26,45940
PO5382,2406,08,Northgate Windows & Doors,2026-04-07,26890
PO5383,2406,09,Brightline Electrical,2026-06-01,21510
PO5384,2406,10,Coastal Plaster & Insulation,2026-05-23,32880
PO5385,2406,11,Mallee Kitchens & Joinery,2026-05-21,36240
PO5386,2406,12,Gulfview Tiling,2026-05-25,21010
PO5387,2406,13,Redgum Carpentry,2026-06-03,17990
PO5388,2406,14,Onka Painting,2026-05-22,18490
PO5389,2406,15,Riverland Floors,2026-08-18,13270
PO5390,2406,16,Metro Paving & Cleaning,2026-08-19,12660
PO5391,2408,01,Gulf Building Certifiers,2026-06-03,16860
PO5392,2408,02,Plains Earthmoving,2026-05-31,10880
PO5393,2408,03,Portside Concrete,2026-08-28,26450
PO5394,2408,04,Torrens Plumbing,2026-08-31,23070
PO5395,2408,05,Southern Cross Frames & Trusses,2026-09-23,29670
PO5396,2411,01,Gulf Building Certifiers,2025-12-22,16260
PO5397,2411,02,Plains Earthmoving,2025-12-13,10220
PO5398,2411,03,Portside Concrete,2026-02-19,28030
PO5399,2411,04,Torrens Plumbing,2026-03-05,21210
PO5400,2411,05,Southern Cross Frames & Trusses,2026-03-23,30320
PO5401,2411,06,Ridgeline Roofing,2026-04-19,15350
PO5402,2411,07,Parklands Bricklaying,2026-04-18,26820
PO5403,2411,08,Northgate Windows & Doors,2026-04-14,14700
PO5404,2411,09,Brightline Electrical,2026-07-02,12520
PO5405,2411,10,Coastal Plaster & Insulation,2026-07-04,17760
PO5406,2411,11,Mallee Kitchens & Joinery,2026-07-03,21130
PO5407,2411,12,Gulfview Tiling,2026-07-11,13510
PO5408,2411,13,Redgum Carpentry,2026-06-30,9700
PO5409,2411,14,Onka Painting,2026-07-10,9660
PO5410,2411,15,Riverland Floors,2026-09-27,7510
PO5411,2411,16,Metro Paving & Cleaning,2026-09-28,8380
PO5412,2412,01,Gulf Building Certifiers,2025-12-21,22400
PO5413,2412,02,Plains Earthmoving,2025-12-18,15480
PO5414,2412,03,Portside Concrete,2026-03-29,43780
PO5415,2412,04,Torrens Plumbing,2026-04-04,30010
PO5416,2412,05,Southern Cross Frames & Trusses,2026-04-22,45530
PO5417,2412,06,Ridgeline Roofing,2026-06-03,24120
PO5418,2412,07,Parklands Bricklaying,2026-06-12,45320
PO5419,2412,08,Northgate Windows & Doors,2026-06-05,23720
PO5420,2412,09,Brightline Electrical,2026-08-11,21120
PO5421,2412,10,Coastal Plaster & Insulation,2026-08-07,29230
PO5422,2412,11,Mallee Kitchens & Joinery,2026-08-07,31790
PO5423,2412,12,Gulfview Tiling,2026-08-04,20340
PO5424,2412,13,Redgum Carpentry,2026-07-30,16970
PO5425,2412,14,Onka Painting,2026-07-30,16390
PO5426,2414,01,Gulf Building Certifiers,2025-09-07,20480
PO5427,2414,02,Plains Earthmoving,2025-09-12,12930
PO5428,2414,03,Portside Concrete,2025-12-31,34440
PO5429,2414,04,Torrens Plumbing,2026-01-05,26550
PO5430,2414,05,Southern Cross Frames & Trusses,2026-01-23,35840
PO5431,2414,06,Ridgeline Roofing,2026-02-25,21720
PO5432,2414,07,Parklands Bricklaying,2026-02-22,38470
PO5433,2414,08,Northgate Windows & Doors,2026-02-24,21390
PO5434,2414,09,Brightline Electrical,2026-05-11,16980
PO5435,2414,10,Coastal Plaster & Insulation,2026-05-18,23250
PO5436,2414,11,Mallee Kitchens & Joinery,2026-05-13,28220
PO5437,2414,12,Gulfview Tiling,2026-05-14,19080
PO5438,2414,13,Redgum Carpentry,2026-05-07,14370
PO5439,2414,14,Onka Painting,2026-05-10,15680
PO5440,2414,15,Riverland Floors,2026-08-04,10520
PO5441,2414,16,Metro Paving & Cleaning,2026-08-01,11190
PO5442,2417,01,Gulf Building Certifiers,2025-11-22,16170
PO5443,2417,02,Plains Earthmoving,2025-11-23,10290
PO5444,2417,03,Portside Concrete,2026-02-25,26160
PO5445,2417,04,Torrens Plumbing,2026-02-17,20200
PO5446,2417,05,Southern Cross Frames & Trusses,2026-03-20,26550
PO5447,2417,06,Ridgeline Roofing,2026-04-25,16540
PO5448,2417,07,Parklands Bricklaying,2026-04-30,24070
PO5449,2417,08,Northgate Windows & Doors,2026-05-05,16380
PO5450,2417,09,Brightline Electrical,2026-06-28,13800
PO5451,2417,10,Coastal Plaster & Insulation,2026-06-20,19020
PO5452,2417,11,Mallee Kitchens & Joinery,2026-06-30,19030
PO5453,2417,12,Gulfview Tiling,2026-06-26,13320
PO5454,2417,13,Redgum Carpentry,2026-06-17,10630
PO5455,2417,14,Onka Painting,2026-06-30,11000
PO5456,2417,15,Riverland Floors,2026-09-02,7660
PO5457,2417,16,Metro Paving & Cleaning,2026-08-29,8330
PO5458,2419,01,Gulf Building Certifiers,2025-10-31,17090
PO5459,2419,02,Plains Earthmoving,2025-11-02,11380
PO5460,2419,03,Portside Concrete,2026-02-22,27480
PO5461,2419,04,Torrens Plumbing,2026-02-19,24400
PO5462,2419,05,Southern Cross Frames & Trusses,2026-03-20,30720
PO5463,2419,06,Ridgeline Roofing,2026-04-25,16660
PO5464,2419,07,Parklands Bricklaying,2026-04-18,28700
PO5465,2419,08,Northgate Windows & Doors,2026-04-16,18860
PO5466,2419,09,Brightline Electrical,2026-06-27,13860
PO5467,2419,10,Coastal Plaster & Insulation,2026-06-20,21470
PO5468,2419,11,Mallee Kitchens & Joinery,2026-06-13,22210
PO5469,2419,12,Gulfview Tiling,2026-06-16,15270
PO5470,2419,13,Redgum Carpentry,2026-06-23,12090
PO5471,2419,14,Onka Painting,2026-06-18,11000
PO5472,2419,15,Riverland Floors,2026-08-22,9290
PO5473,2419,16,Metro Paving & Cleaning,2026-08-12,9460
PO5474,2420,01,Gulf Building Certifiers,2025-12-28,19480
PO5475,2420,02,Plains Earthmoving,2025-12-23,11550
PO5476,2420,03,Portside Concrete,2026-04-09,29860
PO5477,2420,04,Torrens Plumbing,2026-04-15,25850
PO5478,2420,05,Southern Cross Frames & Trusses,2026-05-09,32030
PO5479,2420,06,Ridgeline Roofing,2026-06-11,18030
PO5480,2420,07,Parklands Bricklaying,2026-06-10,29350
PO5481,2420,08,Northgate Windows & Doors,2026-06-09,19120
PO5482,2420,09,Brightline Electrical,2026-08-25,15560
PO5483,2420,10,Coastal Plaster & Insulation,2026-08-21,22460
PO5484,2420,11,Mallee Kitchens & Joinery,2026-08-16,23660
PO5485,2420,12,Gulfview Tiling,2026-08-16,17560
PO5486,2420,13,Redgum Carpentry,2026-08-19,13450
PO5487,2420,14,Onka Painting,2026-08-21,13180
PO5488,2423,01,Gulf Building Certifiers,2025-10-22,19450
PO5489,2423,02,Plains Earthmoving,2025-10-21,11920
PO5490,2423,03,Portside Concrete,2026-01-12,29760
PO5491,2423,04,Torrens Plumbing,2026-01-18,24020
PO5492,2423,05,Southern Cross Frames & Trusses,2026-02-20,34120
PO5493,2423,06,Ridgeline Roofing,2026-03-24,18630
PO5494,2423,07,Parklands Bricklaying,2026-03-25,33160
PO5495,2423,08,Northgate Windows & Doors,2026-03-22,19780
PO5496,2423,09,Brightline Electrical,2026-05-17,15570
PO5497,2423,10,Coastal Plaster & Insulation,2026-05-23,20740
PO5498,2423,11,Mallee Kitchens & Joinery,2026-05-26,23980
PO5499,2423,12,Gulfview Tiling,2026-05-24,14230
PO5500,2423,13,Redgum Carpentry,2026-05-25,11030
PO5501,2423,14,Onka Painting,2026-05-23,12970
PO5502,2423,15,Riverland Floors,2026-08-31,10020
PO5503,2423,16,Metro Paving & Cleaning,2026-08-27,9060
PO5504,2424,01,Gulf Building Certifiers,2026-03-30,17680
PO5505,2424,02,Plains Earthmoving,2026-03-31,12010
PO5506,2424,03,Portside Concrete,2026-07-07,30010
PO5507,2424,04,Torrens Plumbing,2026-07-11,24000
PO5508,2424,05,Southern Cross Frames & Trusses,2026-08-01,33180
PO5509,2424,06,Ridgeline Roofing,2026-09-08,19340
PO5510,2424,07,Parklands Bricklaying,2026-09-03,31720
PO5511,2424,08,Northgate Windows & Doors,2026-09-03,20370
PO5512,2426,01,Gulf Building Certifiers,2026-01-26,18470
PO5513,2426,02,Plains Earthmoving,2026-01-27,13610
PO5514,2426,03,Portside Concrete,2026-04-15,32870
PO5515,2426,04,Torrens Plumbing,2026-04-20,26290
PO5516,2426,05,Southern Cross Frames & Trusses,2026-05-20,37350
PO5517,2426,06,Ridgeline Roofing,2026-06-27,19980
PO5518,2426,07,Parklands Bricklaying,2026-06-29,33690
PO5519,2426,08,Northgate Windows & Doors,2026-07-03,22150
PO5520,2426,09,Brightline Electrical,2026-08-25,16680
PO5521,2426,10,Coastal Plaster & Insulation,2026-08-19,22120
PO5522,2426,11,Mallee Kitchens & Joinery,2026-08-21,29070
PO5523,2426,12,Gulfview Tiling,2026-08-18,15630
PO5524,2426,13,Redgum Carpentry,2026-08-17,13190
PO5525,2426,14,Onka Painting,2026-08-16,13910
PO5526,2429,01,Gulf Building Certifiers,2025-10-26,18080
PO5527,2429,02,Plains Earthmoving,2025-10-20,11570
PO5528,2429,03,Portside Concrete,2026-01-12,30860
PO5529,2429,04,Torrens Plumbing,2026-01-11,23630
PO5530,2429,05,Southern Cross Frames & Trusses,2026-01-29,31120
PO5531,2429,06,Ridgeline Roofing,2026-03-10,19190
PO5532,2429,07,Parklands Bricklaying,2026-03-09,33120
PO5533,2429,08,Northgate Windows & Doors,2026-03-02,17740
PO5534,2429,09,Brightline Electrical,2026-05-16,14730
PO5535,2429,10,Coastal Plaster & Insulation,2026-05-15,22630
PO5536,2429,11,Mallee Kitchens & Joinery,2026-05-13,24000
PO5537,2429,12,Gulfview Tiling,2026-05-23,16930
PO5538,2429,13,Redgum Carpentry,2026-05-12,13140
PO5539,2429,14,Onka Painting,2026-05-18,11450
PO5540,2429,15,Riverland Floors,2026-08-06,9900
PO5541,2429,16,Metro Paving & Cleaning,2026-08-02,9600
PO5542,2430,01,Gulf Building Certifiers,2025-12-25,16110
PO5543,2430,02,Plains Earthmoving,2025-12-27,11330
PO5544,2430,03,Portside Concrete,2026-04-27,29420
PO5545,2430,04,Torrens Plumbing,2026-04-26,22480
PO5546,2430,05,Southern Cross Frames & Trusses,2026-05-26,28740
PO5547,2430,06,Ridgeline Roofing,2026-07-03,17170
PO5548,2430,07,Parklands Bricklaying,2026-07-06,30900
PO5549,2430,08,Northgate Windows & Doors,2026-06-27,17710
PO5550,2430,09,Brightline Electrical,2026-08-21,15700
PO5551,2430,10,Coastal Plaster & Insulation,2026-08-16,21440
PO5552,2430,11,Mallee Kitchens & Joinery,2026-08-24,22590
PO5553,2430,12,Gulfview Tiling,2026-08-15,15630
PO5554,2430,13,Redgum Carpentry,2026-08-14,10710
PO5555,2430,14,Onka Painting,2026-08-12,11490
PO5556,2432,01,Gulf Building Certifiers,2026-04-26,20220
PO5557,2432,02,Plains Earthmoving,2026-04-20,14110
PO5558,2432,03,Portside Concrete,2026-06-21,33850
PO5559,2432,04,Torrens Plumbing,2026-06-23,29550
PO5560,2432,05,Southern Cross Frames & Trusses,2026-07-27,43020
PO5561,2432,06,Ridgeline Roofing,2026-08-20,22890
PO5562,2432,07,Parklands Bricklaying,2026-08-31,41240
PO5563,2432,08,Northgate Windows & Doors,2026-08-18,22890
PO5564,2434,01,Gulf Building Certifiers,2025-11-20,17840
PO5565,2434,02,Plains Earthmoving,2025-11-20,11470
PO5566,2434,03,Portside Concrete,2026-03-05,32040
PO5567,2434,04,Torrens Plumbing,2026-03-04,24890
PO5568,2434,05,Southern Cross Frames & Trusses,2026-04-08,33820
PO5569,2434,06,Ridgeline Roofing,2026-05-06,16730
PO5570,2434,07,Parklands Bricklaying,2026-05-10,30840
PO5571,2434,08,Northgate Windows & Doors,2026-05-03,18670
PO5572,2434,09,Brightline Electrical,2026-06-21,14940
PO5573,2434,10,Coastal Plaster & Insulation,2026-06-21,22510
PO5574,2434,11,Mallee Kitchens & Joinery,2026-06-22,22730
PO5575,2434,12,Gulfview Tiling,2026-06-23,15740
PO5576,2434,13,Redgum Carpentry,2026-06-17,12850
PO5577,2434,14,Onka Painting,2026-06-25,11420
PO5578,2434,15,Riverland Floors,2026-09-06,9270
PO5579,2434,16,Metro Paving & Cleaning,2026-09-09,9560
PO5580,2437,01,Gulf Building Certifiers,2026-06-22,17660
PO5581,2437,02,Plains Earthmoving,2026-06-16,10920
PO5582,2437,03,Portside Concrete,2026-09-09,26890
PO5583,2437,04,Torrens Plumbing,2026-09-22,21980
PO5584,2439,01,Gulf Building Certifiers,2025-11-14,21500
PO5585,2439,02,Plains Earthmoving,2025-11-08,14340
PO5586,2439,03,Portside Concrete,2026-02-09,34470
PO5587,2439,04,Torrens Plumbing,2026-02-10,28810
PO5588,2439,05,Southern Cross Frames & Trusses,2026-03-05,37220
PO5589,2439,06,Ridgeline Roofing,2026-04-09,21310
PO5590,2439,07,Parklands Bricklaying,2026-04-09,38050
PO5591,2439,08,Northgate Windows & Doors,2026-04-06,21160
PO5592,2439,09,Brightline Electrical,2026-05-30,18580
PO5593,2439,10,Coastal Plaster & Insulation,2026-05-27,23850
PO5594,2439,11,Mallee Kitchens & Joinery,2026-05-31,29570
PO5595,2439,12,Gulfview Tiling,2026-06-03,16410
PO5596,2439,13,Redgum Carpentry,2026-05-31,14120
PO5597,2439,14,Onka Painting,2026-05-31,15330
PO5598,2439,15,Riverland Floors,2026-08-22,10830
PO5599,2439,16,Metro Paving & Cleaning,2026-08-14,10960
PO5600,2441,01,Gulf Building Certifiers,2026-07-19,24130
PO5601,2441,02,Plains Earthmoving,2026-07-13,17380
PO5602,2443,01,Gulf Building Certifiers,2026-02-13,24210
PO5603,2443,02,Plains Earthmoving,2026-02-07,17070
PO5604,2443,03,Portside Concrete,2026-05-08,41460
PO5605,2443,04,Torrens Plumbing,2026-05-11,36100
PO5606,2443,05,Southern Cross Frames & Trusses,2026-05-31,46460
PO5607,2443,06,Ridgeline Roofing,2026-07-10,27260
PO5608,2443,07,Parklands Bricklaying,2026-06-29,42640
PO5609,2443,08,Northgate Windows & Doors,2026-07-04,27220
PO5610,2443,09,Brightline Electrical,2026-08-28,21910
PO5611,2443,10,Coastal Plaster & Insulation,2026-09-06,28570
PO5612,2443,11,Mallee Kitchens & Joinery,2026-09-02,33800
PO5613,2443,12,Gulfview Tiling,2026-08-29,21130
PO5614,2443,13,Redgum Carpentry,2026-09-04,18240
PO5615,2443,14,Onka Painting,2026-09-01,17960
PO5616,2445,01,Gulf Building Certifiers,2025-12-27,19470
PO5617,2445,02,Plains Earthmoving,2026-01-05,12540
PO5618,2445,03,Portside Concrete,2026-04-01,30820
PO5619,2445,04,Torrens Plumbing,2026-04-09,25650
PO5620,2445,05,Southern Cross Frames & Trusses,2026-05-11,34790
PO5621,2445,06,Ridgeline Roofing,2026-06-22,18620
PO5622,2445,07,Parklands Bricklaying,2026-06-19,35590
PO5623,2445,08,Northgate Windows & Doors,2026-06-10,19140
PO5624,2445,09,Brightline Electrical,2026-08-04,17450
PO5625,2445,10,Coastal Plaster & Insulation,2026-07-30,24460
PO5626,2445,11,Mallee Kitchens & Joinery,2026-08-02,28360
PO5627,2445,12,Gulfview Tiling,2026-08-07,17450
PO5628,2445,13,Redgum Carpentry,2026-08-03,12680
PO5629,2445,14,Onka Painting,2026-08-11,14300
PO5630,2447,01,Gulf Building Certifiers,2026-03-20,17560
PO5631,2447,02,Plains Earthmoving,2026-03-21,12030
PO5632,2447,03,Portside Concrete,2026-07-01,29350
PO5633,2447,04,Torrens Plumbing,2026-06-24,24720
PO5634,2447,05,Southern Cross Frames & Trusses,2026-07-25,29180
PO5635,2447,06,Ridgeline Roofing,2026-08-25,15740
PO5636,2447,07,Parklands Bricklaying,2026-08-22,32080
PO5637,2447,08,Northgate Windows & Doors,2026-09-01,17470
PO5638,2448,01,Gulf Building Certifiers,2025-09-17,17000
PO5639,2448,02,Plains Earthmoving,2025-09-19,11730
PO5640,2448,03,Portside Concrete,2026-01-26,27140
PO5641,2448,04,Torrens Plumbing,2026-01-25,21380
PO5642,2448,05,Southern Cross Frames & Trusses,2026-02-25,32740
PO5643,2448,06,Ridgeline Roofing,2026-04-02,17050
PO5644,2448,07,Parklands Bricklaying,2026-03-27,30910
PO5645,2448,08,Northgate Windows & Doors,2026-04-06,17290
PO5646,2448,09,Brightline Electrical,2026-06-08,14340
PO5647,2448,10,Coastal Plaster & Insulation,2026-06-12,22040
PO5648,2448,11,Mallee Kitchens & Joinery,2026-06-09,22000
PO5649,2448,12,Gulfview Tiling,2026-06-10,14570
PO5650,2448,13,Redgum Carpentry,2026-06-06,12400
PO5651,2448,14,Onka Painting,2026-06-20,12910
PO5652,2448,15,Riverland Floors,2026-09-03,8250
PO5653,2448,16,Metro Paving & Cleaning,2026-08-31,9250
PO5654,2450,01,Gulf Building Certifiers,2025-11-22,21270
PO5655,2450,02,Plains Earthmoving,2025-11-20,13460
PO5656,2450,03,Portside Concrete,2026-02-24,32800
PO5657,2450,04,Torrens Plumbing,2026-02-27,27540
PO5658,2450,05,Southern Cross Frames & Trusses,2026-03-23,39970
PO5659,2450,06,Ridgeline Roofing,2026-05-02,20330
PO5660,2450,07,Parklands Bricklaying,2026-04-29,37790
PO5661,2450,08,Northgate Windows & Doors,2026-05-02,21740
PO5662,2450,09,Brightline Electrical,2026-06-21,17340
PO5663,2450,10,Coastal Plaster & Insulation,2026-06-11,23780
PO5664,2450,11,Mallee Kitchens & Joinery,2026-06-14,27530
PO5665,2450,12,Gulfview Tiling,2026-06-11,17910
PO5666,2450,13,Redgum Carpentry,2026-06-13,13560
PO5667,2450,14,Onka Painting,2026-06-23,15030
PO5668,2450,15,Riverland Floors,2026-08-26,11380
PO5669,2450,16,Metro Paving & Cleaning,2026-08-27,10590
PO5670,2453,01,Gulf Building Certifiers,2026-06-10,24630
PO5671,2453,02,Plains Earthmoving,2026-06-15,16700
PO5672,2454,01,Gulf Building Certifiers,2025-12-24,18980
PO5673,2454,02,Plains Earthmoving,2025-12-29,13580
PO5674,2454,03,Portside Concrete,2026-05-02,31800
PO5675,2454,04,Torrens Plumbing,2026-05-01,24580
PO5676,2454,05,Southern Cross Frames & Trusses,2026-05-28,32210
PO5677,2454,06,Ridgeline Roofing,2026-06-27,17480
PO5678,2454,07,Parklands Bricklaying,2026-06-30,33900
PO5679,2454,08,Northgate Windows & Doors,2026-06-26,17500
PO5680,2454,09,Brightline Electrical,2026-08-30,14740
PO5681,2454,10,Coastal Plaster & Insulation,2026-08-24,20760
PO5682,2454,11,Mallee Kitchens & Joinery,2026-08-21,24150
PO5683,2454,12,Gulfview Tiling,2026-08-20,15090
PO5684,2454,13,Redgum Carpentry,2026-08-20,13420
PO5685,2454,14,Onka Painting,2026-08-21,13110
PO5686,2457,01,Gulf Building Certifiers,2026-01-07,20930
PO5687,2457,02,Plains Earthmoving,2026-01-07,14600
PO5688,2457,03,Portside Concrete,2026-04-17,33620
PO5689,2457,04,Torrens Plumbing,2026-04-20,28350
PO5690,2457,05,Southern Cross Frames & Trusses,2026-05-06,34330
PO5691,2457,06,Ridgeline Roofing,2026-06-11,20660
PO5692,2457,07,Parklands Bricklaying,2026-06-13,33840
PO5693,2457,08,Northgate Windows & Doors,2026-06-10,20800
PO5694,2457,09,Brightline Electrical,2026-08-03,17960
PO5695,2457,10,Coastal Plaster & Insulation,2026-08-09,24220
PO5696,2457,11,Mallee Kitchens & Joinery,2026-08-01,28470
PO5697,2457,12,Gulfview Tiling,2026-08-03,16320
PO5698,2457,13,Redgum Carpentry,2026-08-12,12900
PO5699,2457,14,Onka Painting,2026-08-08,12790
PO5700,2459,01,Gulf Building Certifiers,2025-09-11,24590
PO5701,2459,02,Plains Earthmoving,2025-09-17,14940
PO5702,2459,03,Portside Concrete,2025-12-28,41110
PO5703,2459,04,Torrens Plumbing,2025-12-16,31460
PO5704,2459,05,Southern Cross Frames & Trusses,2026-01-25,40580
PO5705,2459,06,Ridgeline Roofing,2026-02-27,25210
PO5706,2459,07,Parklands Bricklaying,2026-03-01,36420
PO5707,2459,08,Northgate Windows & Doors,2026-02-27,21420
PO5708,2459,09,Brightline Electrical,2026-05-12,19730
PO5709,2459,10,Coastal Plaster & Insulation,2026-05-12,27410
PO5710,2459,11,Mallee Kitchens & Joinery,2026-05-04,31350
PO5711,2459,12,Gulfview Tiling,2026-05-17,18440
PO5712,2459,13,Redgum Carpentry,2026-05-14,16910
PO5713,2459,14,Onka Painting,2026-05-14,15860
PO5714,2459,15,Riverland Floors,2026-08-01,11510
PO5715,2459,16,Metro Paving & Cleaning,2026-08-02,11800
PO5716,2460,01,Gulf Building Certifiers,2026-03-14,14060
PO5717,2460,02,Plains Earthmoving,2026-03-15,9740
PO5718,2460,03,Portside Concrete,2026-06-21,24220
PO5719,2460,04,Torrens Plumbing,2026-06-18,21620
PO5720,2460,05,Southern Cross Frames & Trusses,2026-07-06,29800
PO5721,2460,06,Ridgeline Roofing,2026-08-06,14910
PO5722,2460,07,Parklands Bricklaying,2026-08-09,26140
PO5723,2460,08,Northgate Windows & Doors,2026-08-12,14330
PO5724,2463,01,Gulf Building Certifiers,2025-11-19,16280
PO5725,2463,02,Plains Earthmoving,2025-11-14,10860
PO5726,2463,03,Portside Concrete,2026-01-18,26820
PO5727,2463,04,Torrens Plumbing,2026-01-26,23880
PO5728,2463,05,Southern Cross Frames & Trusses,2026-02-28,29710
PO5729,2463,06,Ridgeline Roofing,2026-04-10,16260
PO5730,2463,07,Parklands Bricklaying,2026-04-12,27500
PO5731,2463,08,Northgate Windows & Doors,2026-04-12,17730
PO5732,2463,09,Brightline Electrical,2026-05-29,13440
PO5733,2463,10,Coastal Plaster & Insulation,2026-05-25,21300
PO5734,2463,11,Mallee Kitchens & Joinery,2026-05-22,21440
PO5735,2463,12,Gulfview Tiling,2026-06-05,14790
PO5736,2463,13,Redgum Carpentry,2026-06-04,11330
PO5737,2463,14,Onka Painting,2026-06-03,12580
PO5738,2463,15,Riverland Floors,2026-08-04,8190
PO5739,2463,16,Metro Paving & Cleaning,2026-08-03,8970
PO5740,2464,01,Gulf Building Certifiers,2025-12-05,19800
PO5741,2464,02,Plains Earthmoving,2025-12-13,13370
PO5742,2464,03,Portside Concrete,2026-04-07,34300
PO5743,2464,04,Torrens Plumbing,2026-04-01,26950
PO5744,2464,05,Southern Cross Frames & Trusses,2026-04-26,37460
PO5745,2464,06,Ridgeline Roofing,2026-06-01,20020
PO5746,2464,07,Parklands Bricklaying,2026-06-05,34780
PO5747,2464,08,Northgate Windows & Doors,2026-06-02,20160
PO5748,2464,09,Brightline Electrical,2026-08-17,16540
PO5749,2464,10,Coastal Plaster & Insulation,2026-08-24,25170
PO5750,2464,11,Mallee Kitchens & Joinery,2026-08-23,30070
PO5751,2464,12,Gulfview Tiling,2026-08-13,18400
PO5752,2464,13,Redgum Carpentry,2026-08-14,15830
PO5753,2464,14,Onka Painting,2026-08-11,13740
PO5754,2466,01,Gulf Building Certifiers,2026-01-04,19390
PO5755,2466,02,Plains Earthmoving,2026-01-02,13530
PO5756,2466,03,Portside Concrete,2026-04-03,35370
PO5757,2466,04,Torrens Plumbing,2026-03-22,27900
PO5758,2466,05,Southern Cross Frames & Trusses,2026-05-04,35270
PO5759,2466,06,Ridgeline Roofing,2026-06-03,20650
PO5760,2466,07,Parklands Bricklaying,2026-05-29,35710
PO5761,2466,08,Northgate Windows & Doors,2026-05-26,19170
PO5762,2466,09,Brightline Electrical,2026-07-31,17110
PO5763,2466,10,Coastal Plaster & Insulation,2026-08-03,24490
PO5764,2466,11,Mallee Kitchens & Joinery,2026-07-25,24810
PO5765,2466,12,Gulfview Tiling,2026-08-01,17280
PO5766,2466,13,Redgum Carpentry,2026-07-27,12870
PO5767,2466,14,Onka Painting,2026-08-01,13330
PO5768,2468,01,Gulf Building Certifiers,2025-11-04,18230
PO5769,2468,02,Plains Earthmoving,2025-11-07,11800
PO5770,2468,03,Portside Concrete,2026-02-15,27560
PO5771,2468,04,Torrens Plumbing,2026-02-10,24130
PO5772,2468,05,Southern Cross Frames & Trusses,2026-03-18,32790
PO5773,2468,06,Ridgeline Roofing,2026-04-20,16280
PO5774,2468,07,Parklands Bricklaying,2026-04-07,27860
PO5775,2468,08,Northgate Windows & Doors,2026-04-12,18390
PO5776,2468,09,Brightline Electrical,2026-06-04,14870
PO5777,2468,10,Coastal Plaster & Insulation,2026-05-26,19960
PO5778,2468,11,Mallee Kitchens & Joinery,2026-05-30,24460
PO5779,2468,12,Gulfview Tiling,2026-05-28,16000
PO5780,2468,13,Redgum Carpentry,2026-05-22,12190
PO5781,2468,14,Onka Painting,2026-05-24,11550
PO5782,2468,15,Riverland Floors,2026-08-19,8370
PO5783,2468,16,Metro Paving & Cleaning,2026-08-16,8250
PO5784,2471,01,Gulf Building Certifiers,2026-04-17,26390
PO5785,2471,02,Plains Earthmoving,2026-04-22,17740
PO5786,2471,03,Portside Concrete,2026-07-26,41060
PO5787,2471,04,Torrens Plumbing,2026-07-25,38350
PO5788,2471,05,Southern Cross Frames & Trusses,2026-08-18,49790
PO5789,2471,06,Ridgeline Roofing,2026-09-28,26960
PO5790,2471,07,Parklands Bricklaying,2026-09-27,47120
PO5791,2471,08,Northgate Windows & Doors,2026-09-26,28150
PO5792,2473,01,Gulf Building Certifiers,2026-03-24,17940
PO5793,2473,02,Plains Earthmoving,2026-03-18,11940
PO5794,2473,03,Portside Concrete,2026-06-25,30070
PO5795,2473,04,Torrens Plumbing,2026-07-07,22300
PO5796,2473,05,Southern Cross Frames & Trusses,2026-08-02,30870
PO5797,2473,06,Ridgeline Roofing,2026-09-02,17140
PO5798,2473,07,Parklands Bricklaying,2026-08-27,26960
PO5799,2473,08,Northgate Windows & Doors,2026-09-08,17600
PO5800,2474,01,Gulf Building Certifiers,2025-10-27,25430
PO5801,2474,02,Plains Earthmoving,2025-10-29,17490
PO5802,2474,03,Portside Concrete,2026-01-02,46850
PO5803,2474,04,Torrens Plumbing,2025-12-26,36730
PO5804,2474,05,Southern Cross Frames & Trusses,2026-01-16,52860
PO5805,2474,06,Ridgeline Roofing,2026-02-25,26230
PO5806,2474,07,Parklands Bricklaying,2026-02-25,47480
PO5807,2474,08,Northgate Windows & Doors,2026-02-28,25140
PO5808,2474,09,Brightline Electrical,2026-04-29,23280
PO5809,2474,10,Coastal Plaster & Insulation,2026-05-05,33760
PO5810,2474,11,Mallee Kitchens & Joinery,2026-04-30,38080
PO5811,2474,12,Gulfview Tiling,2026-04-26,22530
PO5812,2474,13,Redgum Carpentry,2026-05-07,17790
PO5813,2474,14,Onka Painting,2026-05-06,17710
PO5814,2474,15,Riverland Floors,2026-07-26,12490
PO5815,2474,16,Metro Paving & Cleaning,2026-07-24,13630
PO5816,2476,01,Gulf Building Certifiers,2025-10-30,26690
PO5817,2476,02,Plains Earthmoving,2025-10-26,16280
PO5818,2476,03,Portside Concrete,2026-01-10,44150
PO5819,2476,04,Torrens Plumbing,2026-01-05,33960
PO5820,2476,05,Southern Cross Frames & Trusses,2026-02-09,50740
PO5821,2476,06,Ridgeline Roofing,2026-03-19,28570
PO5822,2476,07,Parklands Bricklaying,2026-03-25,47390
PO5823,2476,08,Northgate Windows & Doors,2026-03-27,24420
PO5824,2476,09,Brightline Electrical,2026-05-16,23470
PO5825,2476,10,Coastal Plaster & Insulation,2026-05-10,28920
PO5826,2476,11,Mallee Kitchens & Joinery,2026-05-11,33030
PO5827,2476,12,Gulfview Tiling,2026-05-13,21360
PO5828,2476,13,Redgum Carpentry,2026-05-12,16680
PO5829,2476,14,Onka Painting,2026-05-05,18530
PO5830,2476,15,Riverland Floors,2026-07-12,11950
PO5831,2476,16,Metro Paving & Cleaning,2026-07-15,13690
PO5832,2478,01,Gulf Building Certifiers,2025-09-25,16080
PO5833,2478,02,Plains Earthmoving,2025-09-19,11380
PO5834,2478,03,Portside Concrete,2025-12-25,25810
PO5835,2478,04,Torrens Plumbing,2025-12-19,23120
PO5836,2478,05,Southern Cross Frames & Trusses,2026-01-18,33070
PO5837,2478,06,Ridgeline Roofing,2026-02-28,17270
PO5838,2478,07,Parklands Bricklaying,2026-02-23,27720
PO5839,2478,08,Northgate Windows & Doors,2026-02-24,15890
PO5840,2478,09,Brightline Electrical,2026-05-02,14130
PO5841,2478,10,Coastal Plaster & Insulation,2026-05-07,20420
PO5842,2478,11,Mallee Kitchens & Joinery,2026-05-03,20870
PO5843,2478,12,Gulfview Tiling,2026-05-05,15530
PO5844,2478,13,Redgum Carpentry,2026-05-02,11090
PO5845,2478,14,Onka Painting,2026-05-03,10840
PO5846,2478,15,Riverland Floors,2026-07-24,8120
PO5847,2478,16,Metro Paving & Cleaning,2026-07-22,8960
