note_id,job_id,date,author,text
N295,2372,2026-09-28,Tom,"Client asked to add a gas point for the BBQ on the patio, approx $450."
N178,2432,2026-09-28,Daniel,"Windows installed except bed 3, glass on back order."
N56,2384,2026-09-28,Daniel,Trusses fixed and braced. Waiting on frame inspection.
N51,2381,2026-09-28,Tom,Plasterboard hung and set. Sparky on fit-off Thursday.
N34,2374,2026-09-28,Aisha,"Roof on. Brickwork about 70% done, bricklayer back Monday."
N20,2366,2026-09-28,Aisha,"Final clean done, driveway poured. Keys handover booked."
N4,2361,2026-09-28,Daniel,"Brickwork finished, garage door fitted. Lock-up this week."
N192,2441,2026-09-27,Daniel,"Soil report and engineering received. Site set-out done, pegs in."
N158,2424,2026-09-27,Daniel,"Brickwork finished, garage door fitted. Lock-up this week."
N95,2401,2026-09-27,Daniel,"Brickwork finished, garage door fitted. Lock-up this week."
N30,2372,2026-09-27,Tom,Cabinets installed. Tiler booked for Tuesday.
N14,2364,2026-09-27,Tom,"Brickwork finished, garage door fitted. Lock-up this week."
N10,2363,2026-09-27,Mia,"Final clean done, driveway poured. Keys handover booked."
N255,2466,2026-09-26,Mia,Cabinets installed. Tiler booked for Tuesday.
N219,2453,2026-09-26,Tom,"Building rules consent received, ready for slab booking."
N212,2448,2026-09-26,Daniel,"Final clean done, driveway poured. Keys handover booked."
N191,2439,2026-09-26,Aisha,"Final clean done, driveway poured. Keys handover booked."
N163,2426,2026-09-26,Mia,Painter started internals. Waterproofing certificate received.
N115,2408,2026-09-26,Daniel,Piers drilled and inspected. Plumbing under-slab passed.
N62,2388,2026-09-26,Tom,"Site cleared, temporary fence and toilet delivered."
N53,2383,2026-09-26,Aisha,"Slab poured this morning, pump on site 7:10. Finish looks good."
N294,2408,2026-09-25,Daniel,Council required a bigger stormwater pit at the front. Plumber charging an extra $780.
N293,2387,2026-09-25,Mia,Customer wants 2 extra downlights in the living room and the TV point relocated. Approx $420.
N264,2471,2026-09-25,Aisha,"Wall frames stood, trusses delivered. Frame inspection booked."
N261,2468,2026-09-25,Tom,"Final clean done, driveway poured. Keys handover booked."
N250,2464,2026-09-25,Daniel,Plasterboard hung and set. Sparky on fit-off Thursday.
N239,2460,2026-09-25,Tom,"Roof on. Brickwork about 70% done, bricklayer back Monday."
N229,2457,2026-09-25,Daniel,Painter started internals. Waterproofing certificate received.
N218,2450,2026-09-25,Mia,"Final clean done, driveway poured. Keys handover booked."
N120,2411,2026-09-25,Mia,Painter started internals. Waterproofing certificate received.
N268,2473,2026-09-24,Daniel,"Brickwork finished, garage door fitted. Lock-up this week."
N224,2454,2026-09-24,Aisha,Plasterboard hung and set. Sparky on fit-off Thursday.
N125,2412,2026-09-24,Tom,Painter started internals. Waterproofing certificate received.
N113,2406,2026-09-24,Aisha,Defects list closed except one cracked tile.
N107,2404,2026-09-24,Tom,Defects list closed except one cracked tile.
N61,2387,2026-09-24,Mia,Plasterboard hung and set. Sparky on fit-off Thursday.
N60,2387,2026-09-24,Mia,"Windows installed except bed 3, glass on back order."
N29,2372,2026-09-24,Tom,"Brickwork finished, garage door fitted. Lock-up this week."
N25,2371,2026-09-24,Mia,"Building rules consent received, ready for slab booking."
N206,2447,2026-09-23,Aisha,"Roof on. Brickwork about 70% done, bricklayer back Monday."
N202,2445,2026-09-23,Tom,Plasterboard hung and set. Sparky on fit-off Thursday.
N197,2443,2026-09-23,Mia,Cabinets installed. Tiler booked for Tuesday.
N185,2437,2026-09-23,Tom,"Building rules consent received, ready for slab booking."
N184,2434,2026-09-23,Mia,"Final clean done, driveway poured. Keys handover booked."
N174,2430,2026-09-23,Aisha,Cabinets installed. Tiler booked for Tuesday.
N154,2423,2026-09-23,Aisha,Defects list closed except one cracked tile.
N148,2420,2026-09-23,Tom,Plasterboard hung and set. Sparky on fit-off Thursday.
N143,2419,2026-09-23,Mia,Defects list closed except one cracked tile.
N137,2417,2026-09-23,Daniel,"Final clean done, driveway poured. Keys handover booked."
N67,2390,2026-09-23,Aisha,Painter started internals. Waterproofing certificate received.
N24,2369,2026-09-23,Daniel,"Brickwork finished, garage door fitted. Lock-up this week."
N106,2404,2026-09-22,Tom,Painter started internals. Waterproofing certificate received.
N91,2399,2026-09-20,Aisha,Defects list closed except one cracked tile.
N46,2378,2026-09-20,Mia,PC walkthrough with owner done. 6 minor defect items listed.
N79,2395,2026-09-18,Mia,PC walkthrough with owner done. 6 minor defect items listed.
N235,2459,2026-09-17,Mia,PC walkthrough with owner done. 6 minor defect items listed.
N196,2443,2026-09-17,Mia,"Roof on. Brickwork about 70% done, bricklayer back Monday."
N157,2424,2026-09-16,Daniel,Trusses fixed and braced. Waiting on frame inspection.
N136,2417,2026-09-16,Daniel,Painter started internals. Waterproofing certificate received.
N267,2473,2026-09-15,Daniel,"Wall frames stood, trusses delivered. Frame inspection booked."
N183,2434,2026-09-15,Mia,Cabinets installed. Tiler booked for Tuesday.
N13,2364,2026-09-15,Tom,Frame inspection passed. Roofer booked for next week.
N211,2448,2026-09-14,Daniel,Cabinets installed. Tiler booked for Tuesday.
N94,2401,2026-09-13,Daniel,Frame inspection passed. Roofer booked for next week.
N245,2463,2026-09-12,Aisha,Defects list closed except one cracked tile.
N114,2408,2026-09-12,Daniel,"Building rules consent received, ready for slab booking."
N66,2390,2026-09-12,Aisha,"Brickwork finished, garage door fitted. Lock-up this week."
N55,2384,2026-09-11,Daniel,"Slab poured this morning, pump on site 7:10. Finish looks good."
N40,2377,2026-09-10,Daniel,Defects list closed except one cracked tile.
N131,2414,2026-09-09,Aisha,"Final clean done, driveway poured. Keys handover booked."
N85,2397,2026-09-09,Tom,"Final clean done, driveway poured. Keys handover booked."
N217,2450,2026-09-08,Mia,Cabinets installed. Tiler booked for Tuesday.
N205,2447,2026-09-08,Aisha,"Wall frames stood, trusses delivered. Frame inspection booked."
N169,2429,2026-09-07,Tom,Defects list closed except one cracked tile.
N153,2423,2026-09-07,Aisha,Cabinets installed. Tiler booked for Tuesday.
N9,2363,2026-09-07,Mia,Painter started internals. Waterproofing certificate received.
N101,2402,2026-09-06,Mia,PC walkthrough with owner done. 6 minor defect items listed.
N286,2478,2026-09-05,Aisha,Defects list closed except one cracked tile.
N223,2454,2026-09-05,Aisha,"Brickwork finished, garage door fitted. Lock-up this week."
N52,2383,2026-09-05,Aisha,"Soil report and engineering received. Site set-out done, pegs in."
N177,2432,2026-09-04,Daniel,"Wall frames stood, trusses delivered. Frame inspection booked."
N162,2426,2026-09-04,Mia,"Roof on. Brickwork about 70% done, bricklayer back Monday."
N147,2420,2026-09-04,Tom,"Brickwork finished, garage door fitted. Lock-up this week."
N263,2471,2026-09-02,Aisha,"Slab stripped, termite barrier certificate received."
N73,2392,2026-09-02,Daniel,Defects list closed except one cracked tile.
N274,2474,2026-09-01,Mia,"Final clean done, driveway poured. Keys handover booked."
N260,2468,2026-09-01,Tom,Plasterboard hung and set. Sparky on fit-off Thursday.
N19,2366,2026-09-01,Aisha,Painter started internals. Waterproofing certificate received.
N173,2430,2026-08-31,Aisha,"Roof on. Brickwork about 70% done, bricklayer back Monday."
N249,2464,2026-08-30,Daniel,"Roof on. Brickwork about 70% done, bricklayer back Monday."
N190,2439,2026-08-30,Aisha,Cabinets installed. Tiler booked for Tuesday.
N142,2419,2026-08-30,Mia,Cabinets installed. Tiler booked for Tuesday.
N280,2476,2026-08-28,Tom,Defects list closed except one cracked tile.
N112,2406,2026-08-28,Aisha,Painter started internals. Waterproofing certificate received.
N50,2381,2026-08-28,Tom,"Windows installed except bed 3, glass on back order."
N45,2378,2026-08-28,Mia,Painter started internals. Waterproofing certificate received.
N90,2399,2026-08-27,Aisha,Plasterboard hung and set. Sparky on fit-off Thursday.
N228,2457,2026-08-22,Daniel,"Roof on. Brickwork about 70% done, bricklayer back Monday."
N84,2397,2026-08-22,Tom,Painter started internals. Waterproofing certificate received.
N78,2395,2026-08-21,Mia,Plasterboard hung and set. Sparky on fit-off Thursday.
N124,2412,2026-08-20,Tom,"Roof on. Brickwork about 70% done, bricklayer back Monday."
N39,2377,2026-08-20,Daniel,Plasterboard hung and set. Sparky on fit-off Thursday.
N238,2460,2026-08-19,Tom,Trusses fixed and braced. Waiting on frame inspection.
N156,2424,2026-08-19,Daniel,"Slab stripped, termite barrier certificate received."
N54,2384,2026-08-19,Daniel,"Site cleared, temporary fence and toilet delivered."
N23,2369,2026-08-18,Daniel,"Wall frames stood, trusses delivered. Frame inspection booked."
N201,2445,2026-08-17,Tom,"Roof on. Brickwork about 70% done, bricklayer back Monday."
N234,2459,2026-08-14,Mia,Plasterboard hung and set. Sparky on fit-off Thursday.
N168,2429,2026-08-14,Tom,Painter started internals. Waterproofing certificate received.
N93,2401,2026-08-14,Daniel,Piers drilled and inspected. Plumbing under-slab passed.
N244,2463,2026-08-13,Aisha,Painter started internals. Waterproofing certificate received.
N130,2414,2026-08-12,Aisha,Cabinets installed. Tiler booked for Tuesday.
N266,2473,2026-08-09,Daniel,"Slab poured this morning, pump on site 7:10. Finish looks good."
N100,2402,2026-08-08,Mia,Cabinets installed. Tiler booked for Tuesday.
N254,2466,2026-08-07,Mia,"Windows installed except bed 3, glass on back order."
N33,2374,2026-08-06,Aisha,Frame inspection passed. Roofer booked for next week.
N204,2447,2026-08-05,Aisha,Piers drilled and inspected. Plumbing under-slab passed.
N72,2392,2026-08-05,Daniel,Cabinets installed. Tiler booked for Tuesday.
N12,2364,2026-08-05,Tom,Piers drilled and inspected. Plumbing under-slab passed.
N288,2364,2026-08-04,Tom,"Hit rock at the rear footings. Excavator back for an extra day and a half, rock breaking approx $2,400."
N285,2478,2026-08-04,Aisha,Plasterboard hung and set. Sparky on fit-off Thursday.
N176,2432,2026-08-04,Daniel,Piers drilled and inspected. Plumbing under-slab passed.
N292,2369,2026-08-03,Daniel,Owner asked to move the laundry door 600mm. Chippy re-framed it this morning.
N279,2476,2026-08-02,Tom,Painter started internals. Waterproofing certificate received.
N262,2471,2026-07-31,Aisha,"Soil report and engineering received. Site set-out done, pegs in."
N3,2361,2026-07-30,Daniel,"Wall frames stood, trusses delivered. Frame inspection booked."
N273,2474,2026-07-29,Mia,Cabinets installed. Tiler booked for Tuesday.
N290,2366,2026-07-27,Aisha,Homeowner requested the ensuite shower screen be changed to frameless. Need a price from the glazier.
N289,2450,2026-07-26,Mia,"Client wants to upgrade the kitchen benchtop to 40mm stone. Supplier says the difference is $1,850."
N155,2424,2026-07-26,Daniel,"Site cleared, temporary fence and toilet delivered."
N65,2390,2026-07-26,Aisha,"Wall frames stood, trusses delivered. Frame inspection booked."
N296,2397,2026-07-24,Tom,Owner changed the floor tile selection after the order was placed. Supplier restocking fee $320.
N28,2372,2026-07-21,Tom,Frame inspection passed. Roofer booked for next week.
N59,2387,2026-07-20,Mia,"Wall frames stood, trusses delivered. Frame inspection booked."
N237,2460,2026-07-19,Tom,Piers drilled and inspected. Plumbing under-slab passed.
N92,2401,2026-07-19,Daniel,"Soil report and engineering received. Site set-out done, pegs in."
N291,2464,2026-07-16,Daniel,"Owner agreed on site to an extra sleeper retaining wall on the east boundary, about 6 m."
N195,2443,2026-07-15,Mia,Trusses fixed and braced. Waiting on frame inspection.
N119,2411,2026-07-15,Mia,"Roof on. Brickwork about 70% done, bricklayer back Monday."
N22,2369,2026-07-15,Daniel,"Slab stripped, termite barrier certificate received."
N265,2473,2026-07-14,Daniel,"Building rules consent received, ready for slab booking."
N203,2447,2026-07-13,Aisha,"Site cleared, temporary fence and toilet delivered."
N172,2430,2026-07-13,Aisha,"Wall frames stood, trusses delivered. Frame inspection booked."
N105,2404,2026-07-13,Tom,"Brickwork finished, garage door fitted. Lock-up this week."
N222,2454,2026-07-12,Aisha,"Wall frames stood, trusses delivered. Frame inspection booked."
N161,2426,2026-07-07,Mia,"Wall frames stood, trusses delivered. Frame inspection booked."
N135,2417,2026-07-07,Daniel,"Brickwork finished, garage door fitted. Lock-up this week."
N175,2432,2026-07-06,Daniel,"Site cleared, temporary fence and toilet delivered."
N297,2443,2026-07-05,Mia,Frame carpenter set the bed 3 window opening at the wrong height. Rework at our cost.
N298,2454,2026-07-04,Aisha,Talked with the owner about upgrading to 2.7 m ceilings in the family room. They will confirm next week.
N287,2468,2026-07-02,Tom,"Owner asked for 4 extra double power points in the alfresco and a fan point in bed 2. Sparky quoted about $1,150."
N182,2434,2026-07-02,Mia,"Windows installed except bed 3, glass on back order."
N11,2364,2026-07-02,Tom,"Site cleared, temporary fence and toilet delivered."
N236,2460,2026-06-30,Tom,"Site cleared, temporary fence and toilet delivered."
N141,2419,2026-06-29,Mia,"Windows installed except bed 3, glass on back order."
N32,2374,2026-06-28,Aisha,Piers drilled and inspected. Plumbing under-slab passed.
N49,2381,2026-06-27,Tom,Trusses fixed and braced. Waiting on frame inspection.
N216,2450,2026-06-26,Mia,"Windows installed except bed 3, glass on back order."
N210,2448,2026-06-26,Daniel,"Windows installed except bed 3, glass on back order."
N64,2390,2026-06-26,Aisha,"Slab poured this morning, pump on site 7:10. Finish looks good."
N200,2445,2026-06-25,Tom,Trusses fixed and braced. Waiting on frame inspection.
N146,2420,2026-06-24,Tom,"Wall frames stood, trusses delivered. Frame inspection booked."
N21,2369,2026-06-23,Daniel,"Building rules consent received, ready for slab booking."
N18,2366,2026-06-22,Aisha,"Brickwork finished, garage door fitted. Lock-up this week."
N58,2387,2026-06-21,Mia,"Slab stripped, termite barrier certificate received."
N227,2457,2026-06-20,Daniel,Trusses fixed and braced. Waiting on frame inspection.
N2,2361,2026-06-18,Daniel,Piers drilled and inspected. Plumbing under-slab passed.
N189,2439,2026-06-17,Aisha,"Windows installed except bed 3, glass on back order."
N123,2412,2026-06-17,Tom,Frame inspection passed. Roofer booked for next week.
N27,2372,2026-06-16,Tom,"Slab poured this morning, pump on site 7:10. Finish looks good."
N77,2395,2026-06-15,Mia,"Roof on. Brickwork about 70% done, bricklayer back Monday."
N8,2363,2026-06-15,Mia,"Roof on. Brickwork about 70% done, bricklayer back Monday."
N38,2377,2026-06-14,Daniel,"Roof on. Brickwork about 70% done, bricklayer back Monday."
N248,2464,2026-06-13,Daniel,"Wall frames stood, trusses delivered. Frame inspection booked."
N221,2454,2026-06-13,Aisha,Piers drilled and inspected. Plumbing under-slab passed.
N259,2468,2026-06-11,Tom,"Windows installed except bed 3, glass on back order."
N253,2466,2026-06-11,Mia,Trusses fixed and braced. Waiting on frame inspection.
N243,2463,2026-06-10,Aisha,"Roof on. Brickwork about 70% done, bricklayer back Monday."
N83,2397,2026-06-10,Tom,"Roof on. Brickwork about 70% done, bricklayer back Monday."
N194,2443,2026-06-09,Mia,"Slab stripped, termite barrier certificate received."
N111,2406,2026-06-09,Aisha,"Brickwork finished, garage door fitted. Lock-up this week."
N44,2378,2026-06-09,Mia,"Windows installed except bed 3, glass on back order."
N89,2399,2026-06-06,Aisha,"Windows installed except bed 3, glass on back order."
N152,2423,2026-06-04,Aisha,"Windows installed except bed 3, glass on back order."
N171,2430,2026-06-02,Aisha,"Slab stripped, termite barrier certificate received."
N99,2402,2026-06-02,Mia,"Windows installed except bed 3, glass on back order."
N167,2429,2026-06-01,Tom,"Roof on. Brickwork about 70% done, bricklayer back Monday."
N63,2390,2026-05-31,Aisha,"Site cleared, temporary fence and toilet delivered."
N31,2374,2026-05-29,Aisha,"Soil report and engineering received. Site set-out done, pegs in."
N160,2426,2026-05-27,Mia,"Slab stripped, termite barrier certificate received."
N129,2414,2026-05-26,Aisha,"Windows installed except bed 3, glass on back order."
N71,2392,2026-05-25,Daniel,"Brickwork finished, garage door fitted. Lock-up this week."
N1,2361,2026-05-22,Daniel,"Site cleared, temporary fence and toilet delivered."
N284,2478,2026-05-21,Aisha,"Windows installed except bed 3, glass on back order."
N278,2476,2026-05-21,Tom,"Brickwork finished, garage door fitted. Lock-up this week."
N226,2457,2026-05-21,Daniel,"Slab stripped, termite barrier certificate received."
N145,2420,2026-05-21,Tom,"Slab poured this morning, pump on site 7:10. Finish looks good."
N57,2387,2026-05-21,Mia,"Soil report and engineering received. Site set-out done, pegs in."
N233,2459,2026-05-20,Mia,"Windows installed except bed 3, glass on back order."
N193,2443,2026-05-18,Mia,"Building rules consent received, ready for slab booking."
N26,2372,2026-05-18,Tom,"Building rules consent received, ready for slab booking."
N181,2434,2026-05-17,Mia,Trusses fixed and braced. Waiting on frame inspection.
N199,2445,2026-05-16,Tom,"Slab poured this morning, pump on site 7:10. Finish looks good."
N272,2474,2026-05-15,Mia,"Windows installed except bed 3, glass on back order."
N220,2454,2026-05-14,Aisha,"Site cleared, temporary fence and toilet delivered."
N48,2381,2026-05-14,Tom,"Slab stripped, termite barrier certificate received."
N247,2464,2026-05-12,Daniel,"Slab stripped, termite barrier certificate received."
N122,2412,2026-05-12,Tom,"Slab poured this morning, pump on site 7:10. Finish looks good."
N215,2450,2026-05-11,Mia,"Wall frames stood, trusses delivered. Frame inspection booked."
N134,2417,2026-05-11,Daniel,Trusses fixed and braced. Waiting on frame inspection.
N252,2466,2026-05-10,Mia,"Slab poured this morning, pump on site 7:10. Finish looks good."
N170,2430,2026-05-09,Aisha,"Building rules consent received, ready for slab booking."
N104,2404,2026-05-08,Tom,Trusses fixed and braced. Waiting on frame inspection.
N17,2366,2026-05-06,Aisha,"Wall frames stood, trusses delivered. Frame inspection booked."
N140,2419,2026-05-04,Mia,Trusses fixed and braced. Waiting on frame inspection.
N159,2426,2026-05-03,Mia,"Soil report and engineering received. Site set-out done, pegs in."
N118,2411,2026-05-03,Mia,Trusses fixed and braced. Waiting on frame inspection.
N225,2457,2026-04-28,Daniel,"Site cleared, temporary fence and toilet delivered."
N144,2420,2026-04-26,Tom,"Building rules consent received, ready for slab booking."
N82,2397,2026-04-26,Tom,Frame inspection passed. Roofer booked for next week.
N258,2468,2026-04-23,Tom,Trusses fixed and braced. Waiting on frame inspection.
N198,2445,2026-04-22,Tom,"Building rules consent received, ready for slab booking."
N7,2363,2026-04-21,Mia,Trusses fixed and braced. Waiting on frame inspection.
N188,2439,2026-04-20,Aisha,Trusses fixed and braced. Waiting on frame inspection.
N242,2463,2026-04-15,Aisha,Frame inspection passed. Roofer booked for next week.
N37,2377,2026-04-14,Daniel,Trusses fixed and braced. Waiting on frame inspection.
N180,2434,2026-04-13,Mia,"Slab poured this morning, pump on site 7:10. Finish looks good."
N246,2464,2026-04-12,Daniel,"Soil report and engineering received. Site set-out done, pegs in."
N121,2412,2026-04-12,Tom,"Building rules consent received, ready for slab booking."
N209,2448,2026-04-11,Daniel,Trusses fixed and braced. Waiting on frame inspection.
N110,2406,2026-04-10,Aisha,Frame inspection passed. Roofer booked for next week.
N76,2395,2026-04-10,Mia,Trusses fixed and braced. Waiting on frame inspection.
N47,2381,2026-04-10,Tom,"Soil report and engineering received. Site set-out done, pegs in."
N88,2399,2026-04-08,Aisha,Trusses fixed and braced. Waiting on frame inspection.
N117,2411,2026-04-07,Mia,Piers drilled and inspected. Plumbing under-slab passed.
N251,2466,2026-04-06,Mia,"Site cleared, temporary fence and toilet delivered."
N139,2419,2026-04-06,Mia,"Slab poured this morning, pump on site 7:10. Finish looks good."
N277,2476,2026-04-05,Tom,Frame inspection passed. Roofer booked for next week.
N151,2423,2026-04-05,Aisha,Trusses fixed and braced. Waiting on frame inspection.
N214,2450,2026-04-03,Mia,Piers drilled and inspected. Plumbing under-slab passed.
N98,2402,2026-04-03,Mia,Frame inspection passed. Roofer booked for next week.
N43,2378,2026-04-01,Mia,Trusses fixed and braced. Waiting on frame inspection.
N103,2404,2026-03-29,Tom,"Slab poured this morning, pump on site 7:10. Finish looks good."
N133,2417,2026-03-27,Daniel,"Slab poured this morning, pump on site 7:10. Finish looks good."
N257,2468,2026-03-26,Tom,"Slab stripped, termite barrier certificate received."
N70,2392,2026-03-26,Daniel,"Wall frames stood, trusses delivered. Frame inspection booked."
N16,2366,2026-03-24,Aisha,Piers drilled and inspected. Plumbing under-slab passed.
N179,2434,2026-03-21,Mia,"Site cleared, temporary fence and toilet delivered."
N6,2363,2026-03-21,Mia,"Slab poured this morning, pump on site 7:10. Finish looks good."
N81,2397,2026-03-20,Tom,"Slab stripped, termite barrier certificate received."
N166,2429,2026-03-18,Tom,Frame inspection passed. Roofer booked for next week.
N187,2439,2026-03-17,Aisha,"Slab stripped, termite barrier certificate received."
N283,2478,2026-03-10,Aisha,Frame inspection passed. Roofer booked for next week.
N271,2474,2026-03-10,Mia,Frame inspection passed. Roofer booked for next week.
N128,2414,2026-03-10,Aisha,Frame inspection passed. Roofer booked for next week.
N36,2377,2026-03-10,Daniel,"Slab poured this morning, pump on site 7:10. Finish looks good."
N116,2411,2026-03-09,Mia,"Site cleared, temporary fence and toilet delivered."
N241,2463,2026-03-08,Aisha,"Slab stripped, termite barrier certificate received."
N232,2459,2026-03-08,Mia,Frame inspection passed. Roofer booked for next week.
N132,2417,2026-03-07,Daniel,"Site cleared, temporary fence and toilet delivered."
N208,2448,2026-03-04,Daniel,"Slab stripped, termite barrier certificate received."
N102,2404,2026-03-04,Tom,"Site cleared, temporary fence and toilet delivered."
N213,2450,2026-03-02,Mia,"Site cleared, temporary fence and toilet delivered."
N109,2406,2026-03-01,Aisha,"Slab poured this morning, pump on site 7:10. Finish looks good."
N80,2397,2026-03-01,Tom,"Site cleared, temporary fence and toilet delivered."
N150,2423,2026-02-27,Aisha,"Slab stripped, termite barrier certificate received."
N138,2419,2026-02-27,Mia,"Soil report and engineering received. Site set-out done, pegs in."
N97,2402,2026-02-26,Mia,"Slab stripped, termite barrier certificate received."
N15,2366,2026-02-26,Aisha,"Soil report and engineering received. Site set-out done, pegs in."
N87,2399,2026-02-25,Aisha,"Slab stripped, termite barrier certificate received."
N75,2395,2026-02-24,Mia,"Slab poured this morning, pump on site 7:10. Finish looks good."
N256,2468,2026-02-23,Tom,"Building rules consent received, ready for slab booking."
N186,2439,2026-02-21,Aisha,"Soil report and engineering received. Site set-out done, pegs in."
N42,2378,2026-02-18,Mia,"Slab stripped, termite barrier certificate received."
N5,2363,2026-02-17,Mia,"Building rules consent received, ready for slab booking."
N276,2476,2026-02-16,Tom,Piers drilled and inspected. Plumbing under-slab passed.
N165,2429,2026-02-15,Tom,"Slab stripped, termite barrier certificate received."
N69,2392,2026-02-13,Daniel,Piers drilled and inspected. Plumbing under-slab passed.
N240,2463,2026-02-07,Aisha,"Soil report and engineering received. Site set-out done, pegs in."
N127,2414,2026-02-07,Aisha,"Slab stripped, termite barrier certificate received."
N86,2399,2026-02-07,Aisha,"Building rules consent received, ready for slab booking."
N35,2377,2026-02-05,Daniel,"Site cleared, temporary fence and toilet delivered."
N207,2448,2026-02-04,Daniel,"Soil report and engineering received. Site set-out done, pegs in."
N96,2402,2026-02-03,Mia,"Building rules consent received, ready for slab booking."
N108,2406,2026-02-02,Aisha,"Soil report and engineering received. Site set-out done, pegs in."
N270,2474,2026-02-01,Mia,Piers drilled and inspected. Plumbing under-slab passed.
N231,2459,2026-01-31,Mia,"Slab stripped, termite barrier certificate received."
N164,2429,2026-01-27,Tom,"Site cleared, temporary fence and toilet delivered."
N149,2423,2026-01-27,Aisha,"Soil report and engineering received. Site set-out done, pegs in."
N282,2478,2026-01-26,Aisha,Piers drilled and inspected. Plumbing under-slab passed.
N74,2395,2026-01-26,Mia,"Building rules consent received, ready for slab booking."
N68,2392,2026-01-22,Daniel,"Building rules consent received, ready for slab booking."
N41,2378,2026-01-18,Mia,"Building rules consent received, ready for slab booking."
N275,2476,2026-01-14,Tom,"Site cleared, temporary fence and toilet delivered."
N126,2414,2026-01-12,Aisha,"Soil report and engineering received. Site set-out done, pegs in."
N269,2474,2026-01-09,Mia,"Building rules consent received, ready for slab booking."
N281,2478,2026-01-06,Aisha,"Soil report and engineering received. Site set-out done, pegs in."
N230,2459,2026-01-02,Mia,"Building rules consent received, ready for slab booking."
