job_id,stage,planned_start,planned_end,actual_start,actual_end
2361,Pre-site,2026-02-03,2026-05-11,2026-02-03,2026-05-25
2361,Base,2026-05-11,2026-06-03,2026-05-25,2026-06-22
2361,Frame,2026-06-03,2026-07-08,2026-06-22,2026-08-02
2361,Lock-up,2026-07-08,2026-08-27,2026-08-02,
2361,Fixing,2026-08-27,2026-11-01,,
2361,Practical completion,2026-11-01,2026-11-22,,
2363,Pre-site,2025-10-19,2026-01-21,2025-10-19,2026-02-18
2363,Base,2026-01-21,2026-02-18,2026-02-18,2026-03-22
2363,Frame,2026-02-18,2026-03-19,2026-03-22,2026-04-21
2363,Lock-up,2026-03-19,2026-05-01,2026-04-21,2026-06-18
2363,Fixing,2026-05-01,2026-07-10,2026-06-18,2026-09-08
2363,Practical completion,2026-07-10,2026-08-03,2026-09-08,
2364,Pre-site,2026-03-25,2026-06-28,2026-03-25,2026-07-05
2364,Base,2026-06-28,2026-07-23,2026-07-05,2026-08-05
2364,Frame,2026-07-23,2026-08-24,2026-08-05,2026-09-15
2364,Lock-up,2026-08-24,2026-10-14,2026-09-15,
2364,Fixing,2026-10-14,2026-12-10,,
2364,Practical completion,2026-12-10,2027-01-04,,
2366,Pre-site,2025-11-19,2026-02-27,2025-11-19,2026-03-03
2366,Base,2026-02-27,2026-03-22,2026-03-03,2026-03-28
2366,Frame,2026-03-22,2026-04-23,2026-03-28,2026-05-07
2366,Lock-up,2026-04-23,2026-06-09,2026-05-07,2026-06-26
2366,Fixing,2026-06-09,2026-08-05,2026-06-26,2026-09-01
2366,Practical completion,2026-08-05,2026-09-01,2026-09-01,
2369,Pre-site,2026-02-20,2026-06-22,2026-02-20,2026-06-24
2369,Base,2026-06-22,2026-07-16,2026-06-24,2026-07-19
2369,Frame,2026-07-16,2026-08-17,2026-07-19,2026-08-21
2369,Lock-up,2026-08-17,2026-09-30,2026-08-21,
2369,Fixing,2026-09-30,2026-11-28,,
2369,Practical completion,2026-11-28,2026-12-26,,
2371,Pre-site,2026-06-16,2026-10-19,2026-06-16,
2371,Base,2026-10-19,2026-11-15,,
2371,Frame,2026-11-15,2026-12-16,,
2371,Lock-up,2026-12-16,2027-01-28,,
2371,Fixing,2027-01-28,2027-04-06,,
2371,Practical completion,2027-04-06,2027-04-28,,
2372,Pre-site,2026-02-04,2026-05-25,2026-02-04,2026-05-21
2372,Base,2026-05-25,2026-06-20,2026-05-21,2026-06-21
2372,Frame,2026-06-20,2026-07-20,2026-06-21,2026-07-21
2372,Lock-up,2026-07-20,2026-09-08,2026-07-21,2026-09-26
2372,Fixing,2026-09-08,2026-11-17,2026-09-26,
2372,Practical completion,2026-11-17,2026-12-10,,
2374,Pre-site,2026-01-13,2026-05-01,2026-01-13,2026-06-02
2374,Base,2026-05-01,2026-05-28,2026-06-02,2026-07-01
2374,Frame,2026-05-28,2026-07-02,2026-07-01,2026-08-06
2374,Lock-up,2026-07-02,2026-08-24,2026-08-06,
2374,Fixing,2026-08-24,2026-10-29,,
2374,Practical completion,2026-10-29,2026-11-22,,
2377,Pre-site,2025-09-28,2026-01-11,2025-09-28,2026-02-10
2377,Base,2026-01-11,2026-02-07,2026-02-10,2026-03-13
2377,Frame,2026-02-07,2026-03-10,2026-03-13,2026-04-18
2377,Lock-up,2026-03-10,2026-04-28,2026-04-18,2026-06-14
2377,Fixing,2026-04-28,2026-06-25,2026-06-14,2026-08-24
2377,Practical completion,2026-06-25,2026-07-18,2026-08-24,2026-09-15
2378,Pre-site,2025-09-22,2026-01-19,2025-09-22,2026-01-22
2378,Base,2026-01-19,2026-02-11,2026-01-22,2026-02-19
2378,Frame,2026-02-11,2026-03-16,2026-02-19,2026-04-01
2378,Lock-up,2026-03-16,2026-05-05,2026-04-01,2026-06-09
2378,Fixing,2026-05-05,2026-07-11,2026-06-09,2026-08-30
2378,Practical completion,2026-07-11,2026-08-02,2026-08-30,2026-09-22
2381,Pre-site,2025-11-21,2026-03-08,2025-11-21,2026-04-13
2381,Base,2026-03-08,2026-04-05,2026-04-13,2026-05-16
2381,Frame,2026-04-05,2026-05-08,2026-05-16,2026-06-27
2381,Lock-up,2026-05-08,2026-06-27,2026-06-27,2026-09-01
2381,Fixing,2026-06-27,2026-08-23,2026-09-01,
2381,Practical completion,2026-08-23,2026-09-19,,
2383,Pre-site,2026-05-23,2026-09-10,2026-05-23,2026-09-06
2383,Base,2026-09-10,2026-10-05,2026-09-06,
2383,Frame,2026-10-05,2026-11-07,,
2383,Lock-up,2026-11-07,2026-12-30,,
2383,Fixing,2026-12-30,2027-03-02,,
2383,Practical completion,2027-03-02,2027-03-24,,
2384,Pre-site,2026-03-21,2026-07-17,2026-03-21,2026-08-20
2384,Base,2026-07-17,2026-08-12,2026-08-20,2026-09-16
2384,Frame,2026-08-12,2026-09-12,2026-09-16,
2384,Lock-up,2026-09-12,2026-10-30,,
2384,Fixing,2026-10-30,2026-12-27,,
2384,Practical completion,2026-12-27,2027-01-21,,
2387,Pre-site,2026-01-02,2026-05-02,2026-01-02,2026-05-25
2387,Base,2026-05-02,2026-05-25,2026-05-25,2026-06-21
2387,Frame,2026-05-25,2026-06-29,2026-06-21,2026-07-25
2387,Lock-up,2026-06-29,2026-08-11,2026-07-25,2026-09-24
2387,Fixing,2026-08-11,2026-10-06,2026-09-24,
2387,Practical completion,2026-10-06,2026-10-31,,
2388,Pre-site,2026-06-12,2026-10-05,2026-06-12,
2388,Base,2026-10-05,2026-10-30,,
2388,Frame,2026-10-30,2026-11-27,,
2388,Lock-up,2026-11-27,2027-01-10,,
2388,Fixing,2027-01-10,2027-03-20,,
2388,Practical completion,2027-03-20,2027-04-11,,
2390,Pre-site,2026-01-27,2026-05-16,2026-01-27,2026-06-05
2390,Base,2026-05-16,2026-06-06,2026-06-05,2026-06-29
2390,Frame,2026-06-06,2026-07-05,2026-06-29,2026-07-27
2390,Lock-up,2026-07-05,2026-08-17,2026-07-27,2026-09-17
2390,Fixing,2026-08-17,2026-10-20,2026-09-17,
2390,Practical completion,2026-10-20,2026-11-10,,
2392,Pre-site,2025-10-01,2025-12-27,2025-10-01,2026-01-23
2392,Base,2025-12-27,2026-01-18,2026-01-23,2026-02-15
2392,Frame,2026-01-18,2026-02-21,2026-02-15,2026-03-27
2392,Lock-up,2026-02-21,2026-04-11,2026-03-27,2026-05-25
2392,Fixing,2026-04-11,2026-06-16,2026-05-25,2026-08-10
2392,Practical completion,2026-06-16,2026-07-08,2026-08-10,2026-09-05
2395,Pre-site,2025-10-22,2026-01-25,2025-10-22,2026-01-29
2395,Base,2026-01-25,2026-02-20,2026-01-29,2026-02-27
2395,Frame,2026-02-20,2026-03-27,2026-02-27,2026-04-13
2395,Lock-up,2026-03-27,2026-05-15,2026-04-13,2026-06-15
2395,Fixing,2026-05-15,2026-07-19,2026-06-15,2026-08-25
2395,Practical completion,2026-07-19,2026-08-13,2026-08-25,2026-09-20
2397,Pre-site,2025-09-24,2026-01-20,2025-09-24,2026-03-02
2397,Base,2026-01-20,2026-02-10,2026-03-02,2026-03-22
2397,Frame,2026-02-10,2026-03-17,2026-03-22,2026-04-30
2397,Lock-up,2026-03-17,2026-04-28,2026-04-30,2026-06-15
2397,Fixing,2026-04-28,2026-06-29,2026-06-15,2026-08-22
2397,Practical completion,2026-06-29,2026-07-21,2026-08-22,2026-09-14
2399,Pre-site,2025-11-13,2026-02-07,2025-11-13,2026-02-07
2399,Base,2026-02-07,2026-02-28,2026-02-07,2026-02-28
2399,Frame,2026-02-28,2026-04-04,2026-02-28,2026-04-08
2399,Lock-up,2026-04-04,2026-05-25,2026-04-08,2026-06-09
2399,Fixing,2026-05-25,2026-08-03,2026-06-09,2026-08-28
2399,Practical completion,2026-08-03,2026-08-24,2026-08-28,2026-09-21
2401,Pre-site,2026-02-22,2026-06-23,2026-02-22,2026-07-24
2401,Base,2026-06-23,2026-07-15,2026-07-24,2026-08-18
2401,Frame,2026-07-15,2026-08-12,2026-08-18,2026-09-15
2401,Lock-up,2026-08-12,2026-09-25,2026-09-15,
2401,Fixing,2026-09-25,2026-11-20,,
2401,Practical completion,2026-11-20,2026-12-11,,
2402,Pre-site,2025-09-17,2026-01-15,2025-09-17,2026-02-05
2402,Base,2026-01-15,2026-02-09,2026-02-05,2026-03-01
2402,Frame,2026-02-09,2026-03-11,2026-03-01,2026-04-06
2402,Lock-up,2026-03-11,2026-05-02,2026-04-06,2026-06-04
2402,Fixing,2026-05-02,2026-06-30,2026-06-04,2026-08-09
2402,Practical completion,2026-06-30,2026-07-25,2026-08-09,2026-09-06
2404,Pre-site,2025-11-05,2026-02-21,2025-11-05,2026-03-04
2404,Base,2026-02-21,2026-03-17,2026-03-04,2026-03-30
2404,Frame,2026-03-17,2026-04-19,2026-03-30,2026-05-08
2404,Lock-up,2026-04-19,2026-06-14,2026-05-08,2026-07-16
2404,Fixing,2026-06-14,2026-08-20,2026-07-16,2026-09-24
2404,Practical completion,2026-08-20,2026-09-11,2026-09-24,
2406,Pre-site,2025-09-30,2026-01-28,2025-09-30,2026-02-07
2406,Base,2026-01-28,2026-02-23,2026-02-07,2026-03-05
2406,Frame,2026-02-23,2026-03-28,2026-03-05,2026-04-14
2406,Lock-up,2026-03-28,2026-05-10,2026-04-14,2026-06-11
2406,Fixing,2026-05-10,2026-07-09,2026-06-11,2026-08-31
2406,Practical completion,2026-07-09,2026-07-31,2026-08-31,2026-09-25
2408,Pre-site,2026-05-29,2026-09-08,2026-05-29,2026-09-12
2408,Base,2026-09-08,2026-10-05,2026-09-12,
2408,Frame,2026-10-05,2026-11-08,,
2408,Lock-up,2026-11-08,2027-01-02,,
2408,Fixing,2027-01-02,2027-03-07,,
2408,Practical completion,2027-03-07,2027-03-29,,
2411,Pre-site,2025-12-12,2026-03-06,2025-12-12,2026-03-12
2411,Base,2026-03-06,2026-04-02,2026-03-12,2026-04-07
2411,Frame,2026-04-02,2026-04-30,2026-04-07,2026-05-04
2411,Lock-up,2026-04-30,2026-06-23,2026-05-04,2026-07-19
2411,Fixing,2026-06-23,2026-08-27,2026-07-19,
2411,Practical completion,2026-08-27,2026-09-23,,
2412,Pre-site,2025-12-15,2026-03-18,2025-12-15,2026-04-15
2412,Base,2026-03-18,2026-04-12,2026-04-15,2026-05-12
2412,Frame,2026-04-12,2026-05-17,2026-05-12,2026-06-22
2412,Lock-up,2026-05-17,2026-06-30,2026-06-22,2026-08-20
2412,Fixing,2026-06-30,2026-08-31,2026-08-20,
2412,Practical completion,2026-08-31,2026-09-21,,
2414,Pre-site,2025-09-02,2025-12-21,2025-09-02,2026-01-14
2414,Base,2025-12-21,2026-01-13,2026-01-14,2026-02-08
2414,Frame,2026-01-13,2026-02-11,2026-02-08,2026-03-12
2414,Lock-up,2026-02-11,2026-04-08,2026-03-12,2026-05-28
2414,Fixing,2026-04-08,2026-06-08,2026-05-28,2026-08-17
2414,Practical completion,2026-06-08,2026-07-03,2026-08-17,2026-09-13
2417,Pre-site,2025-11-13,2026-02-16,2025-11-13,2026-03-07
2417,Base,2026-02-16,2026-03-09,2026-03-07,2026-04-01
2417,Frame,2026-03-09,2026-04-11,2026-04-01,2026-05-14
2417,Lock-up,2026-04-11,2026-05-29,2026-05-14,2026-07-08
2417,Fixing,2026-05-29,2026-07-28,2026-07-08,2026-09-19
2417,Practical completion,2026-07-28,2026-08-19,2026-09-19,
2419,Pre-site,2025-10-23,2026-02-08,2025-10-23,2026-03-03
2419,Base,2026-02-08,2026-03-08,2026-03-03,2026-04-06
2419,Frame,2026-03-08,2026-04-07,2026-04-06,2026-05-05
2419,Lock-up,2026-04-07,2026-05-23,2026-05-05,2026-07-04
2419,Fixing,2026-05-23,2026-07-19,2026-07-04,2026-08-31
2419,Practical completion,2026-07-19,2026-08-15,2026-08-31,2026-09-27
2420,Pre-site,2025-12-20,2026-03-24,2025-12-20,2026-04-26
2420,Base,2026-03-24,2026-04-18,2026-04-26,2026-05-23
2420,Frame,2026-04-18,2026-05-18,2026-05-23,2026-06-24
2420,Lock-up,2026-05-18,2026-07-11,2026-06-24,2026-09-06
2420,Fixing,2026-07-11,2026-09-11,2026-09-06,
2420,Practical completion,2026-09-11,2026-10-04,,
2423,Pre-site,2025-10-14,2026-02-05,2025-10-14,2026-02-01
2423,Base,2026-02-05,2026-03-03,2026-02-01,2026-02-27
2423,Frame,2026-03-03,2026-04-06,2026-02-27,2026-04-10
2423,Lock-up,2026-04-06,2026-05-27,2026-04-10,2026-06-07
2423,Fixing,2026-05-27,2026-08-05,2026-06-07,2026-09-08
2423,Practical completion,2026-08-05,2026-09-02,2026-09-08,
2424,Pre-site,2026-03-29,2026-06-28,2026-03-29,2026-07-26
2424,Base,2026-06-28,2026-07-21,2026-07-26,2026-08-22
2424,Frame,2026-07-21,2026-08-18,2026-08-22,2026-09-21
2424,Lock-up,2026-08-18,2026-10-08,2026-09-21,
2424,Fixing,2026-10-08,2026-12-06,,
2424,Practical completion,2026-12-06,2027-01-03,,
2426,Pre-site,2026-01-25,2026-04-20,2026-01-25,2026-05-03
2426,Base,2026-04-20,2026-05-12,2026-05-03,2026-05-28
2426,Frame,2026-05-12,2026-06-16,2026-05-28,2026-07-11
2426,Lock-up,2026-06-16,2026-08-08,2026-07-11,2026-09-04
2426,Fixing,2026-08-08,2026-10-13,2026-09-04,
2426,Practical completion,2026-10-13,2026-11-10,,
2429,Pre-site,2025-10-16,2026-01-22,2025-10-16,2026-01-27
2429,Base,2026-01-22,2026-02-12,2026-01-27,2026-02-17
2429,Frame,2026-02-12,2026-03-15,2026-02-17,2026-03-21
2429,Lock-up,2026-03-15,2026-05-08,2026-03-21,2026-06-01
2429,Fixing,2026-05-08,2026-07-11,2026-06-01,2026-08-14
2429,Practical completion,2026-07-11,2026-08-04,2026-08-14,2026-09-07
2430,Pre-site,2025-12-17,2026-04-04,2025-12-17,2026-05-11
2430,Base,2026-04-04,2026-04-29,2026-05-11,2026-06-05
2430,Frame,2026-04-29,2026-06-01,2026-06-05,2026-07-13
2430,Lock-up,2026-06-01,2026-07-19,2026-07-13,2026-08-31
2430,Fixing,2026-07-19,2026-09-17,2026-08-31,
2430,Practical completion,2026-09-17,2026-10-13,,
2432,Pre-site,2026-04-17,2026-07-11,2026-04-17,2026-07-09
2432,Base,2026-07-11,2026-08-03,2026-07-09,2026-08-04
2432,Frame,2026-08-03,2026-09-04,2026-08-04,2026-09-08
2432,Lock-up,2026-09-04,2026-10-21,2026-09-08,
2432,Fixing,2026-10-21,2026-12-18,,
2432,Practical completion,2026-12-18,2027-01-08,,
2434,Pre-site,2025-11-15,2026-03-12,2025-11-15,2026-03-22
2434,Base,2026-03-12,2026-04-03,2026-03-22,2026-04-15
2434,Frame,2026-04-03,2026-05-01,2026-04-15,2026-05-17
2434,Lock-up,2026-05-01,2026-06-16,2026-05-17,2026-07-03
2434,Fixing,2026-06-16,2026-08-16,2026-07-03,2026-09-20
2434,Practical completion,2026-08-16,2026-09-09,2026-09-20,
2437,Pre-site,2026-06-13,2026-09-10,2026-06-13,
2437,Base,2026-09-10,2026-10-02,,
2437,Frame,2026-10-02,2026-11-05,,
2437,Lock-up,2026-11-05,2026-12-24,,
2437,Fixing,2026-12-24,2027-02-26,,
2437,Practical completion,2027-02-26,2027-03-20,,
2439,Pre-site,2025-11-06,2026-02-02,2025-11-06,2026-02-21
2439,Base,2026-02-02,2026-03-01,2026-02-21,2026-03-19
2439,Frame,2026-03-01,2026-03-31,2026-03-19,2026-04-21
2439,Lock-up,2026-03-31,2026-05-18,2026-04-21,2026-06-17
2439,Fixing,2026-05-18,2026-07-14,2026-06-17,2026-09-04
2439,Practical completion,2026-07-14,2026-08-08,2026-09-04,
2441,Pre-site,2026-07-09,2026-10-18,2026-07-09,
2441,Base,2026-10-18,2026-11-13,,
2441,Frame,2026-11-13,2026-12-16,,
2441,Lock-up,2026-12-16,2027-02-09,,
2441,Fixing,2027-02-09,2027-04-18,,
2441,Practical completion,2027-04-18,2027-05-11,,
2443,Pre-site,2026-02-05,2026-05-23,2026-02-05,2026-05-19
2443,Base,2026-05-23,2026-06-13,2026-05-19,2026-06-14
2443,Frame,2026-06-13,2026-07-16,2026-06-14,2026-07-18
2443,Lock-up,2026-07-16,2026-09-01,2026-07-18,2026-09-18
2443,Fixing,2026-09-01,2026-11-03,2026-09-18,
2443,Practical completion,2026-11-03,2026-11-26,,
2445,Pre-site,2025-12-26,2026-04-06,2025-12-26,2026-04-22
2445,Base,2026-04-06,2026-05-02,2026-04-22,2026-05-21
2445,Frame,2026-05-02,2026-06-05,2026-05-21,2026-06-29
2445,Lock-up,2026-06-05,2026-07-17,2026-06-29,2026-08-18
2445,Fixing,2026-07-17,2026-09-14,2026-08-18,
2445,Practical completion,2026-09-14,2026-10-12,,
2447,Pre-site,2026-03-19,2026-07-12,2026-03-19,2026-07-15
2447,Base,2026-07-12,2026-08-04,2026-07-15,2026-08-09
2447,Frame,2026-08-04,2026-09-06,2026-08-09,2026-09-12
2447,Lock-up,2026-09-06,2026-10-21,2026-09-12,
2447,Fixing,2026-10-21,2026-12-25,,
2447,Practical completion,2026-12-25,2027-01-19,,
2448,Pre-site,2025-09-12,2026-01-06,2025-09-12,2026-02-07
2448,Base,2026-01-06,2026-02-03,2026-02-07,2026-03-09
2448,Frame,2026-02-03,2026-03-08,2026-03-09,2026-04-16
2448,Lock-up,2026-03-08,2026-04-30,2026-04-16,2026-06-27
2448,Fixing,2026-04-30,2026-07-05,2026-06-27,2026-09-15
2448,Practical completion,2026-07-05,2026-07-26,2026-09-15,
2450,Pre-site,2025-11-18,2026-02-18,2025-11-18,2026-03-06
2450,Base,2026-02-18,2026-03-18,2026-03-06,2026-04-08
2450,Frame,2026-03-18,2026-04-17,2026-04-08,2026-05-15
2450,Lock-up,2026-04-17,2026-05-29,2026-05-15,2026-07-01
2450,Fixing,2026-05-29,2026-07-24,2026-07-01,2026-09-11
2450,Practical completion,2026-07-24,2026-08-18,2026-09-11,
2453,Pre-site,2026-06-06,2026-09-27,2026-06-06,
2453,Base,2026-09-27,2026-10-23,,
2453,Frame,2026-10-23,2026-11-25,,
2453,Lock-up,2026-11-25,2027-01-06,,
2453,Fixing,2027-01-06,2027-03-09,,
2453,Practical completion,2027-03-09,2027-04-04,,
2454,Pre-site,2025-12-21,2026-04-19,2025-12-21,2026-05-16
2454,Base,2026-04-19,2026-05-13,2026-05-16,2026-06-13
2454,Frame,2026-05-13,2026-06-13,2026-06-13,2026-07-15
2454,Lock-up,2026-06-13,2026-07-25,2026-07-15,2026-09-08
2454,Fixing,2026-07-25,2026-10-03,2026-09-08,
2454,Practical completion,2026-10-03,2026-10-25,,
2457,Pre-site,2026-01-04,2026-04-25,2026-01-04,2026-05-02
2457,Base,2026-04-25,2026-05-16,2026-05-02,2026-05-23
2457,Frame,2026-05-16,2026-06-15,2026-05-23,2026-06-22
2457,Lock-up,2026-06-15,2026-08-09,2026-06-22,2026-08-22
2457,Fixing,2026-08-09,2026-10-09,2026-08-22,
2457,Practical completion,2026-10-09,2026-11-02,,
2459,Pre-site,2025-09-07,2025-12-19,2025-09-07,2026-01-04
2459,Base,2025-12-19,2026-01-13,2026-01-04,2026-02-04
2459,Frame,2026-01-13,2026-02-16,2026-02-04,2026-03-12
2459,Lock-up,2026-02-16,2026-04-10,2026-03-12,2026-05-24
2459,Fixing,2026-04-10,2026-06-15,2026-05-24,2026-08-16
2459,Practical completion,2026-06-15,2026-07-13,2026-08-16,2026-09-18
2460,Pre-site,2026-03-07,2026-06-05,2026-03-07,2026-06-30
2460,Base,2026-06-05,2026-06-29,2026-06-30,2026-07-23
2460,Frame,2026-06-29,2026-07-28,2026-07-23,2026-08-20
2460,Lock-up,2026-07-28,2026-09-16,2026-08-20,
2460,Fixing,2026-09-16,2026-11-24,,
2460,Practical completion,2026-11-24,2026-12-21,,
2463,Pre-site,2025-11-11,2026-02-13,2025-11-11,2026-02-08
2463,Base,2026-02-13,2026-03-13,2026-02-08,2026-03-12
2463,Frame,2026-03-13,2026-04-17,2026-03-12,2026-04-20
2463,Lock-up,2026-04-17,2026-06-04,2026-04-20,2026-06-12
2463,Fixing,2026-06-04,2026-07-30,2026-06-12,2026-08-17
2463,Practical completion,2026-07-30,2026-08-26,2026-08-17,2026-09-15
2464,Pre-site,2025-12-03,2026-03-16,2025-12-03,2026-04-17
2464,Base,2026-03-16,2026-04-10,2026-04-17,2026-05-17
2464,Frame,2026-04-10,2026-05-10,2026-05-17,2026-06-18
2464,Lock-up,2026-05-10,2026-07-01,2026-06-18,2026-09-01
2464,Fixing,2026-07-01,2026-08-28,2026-09-01,
2464,Practical completion,2026-08-28,2026-09-23,,
2466,Pre-site,2025-12-27,2026-03-22,2025-12-27,2026-04-11
2466,Base,2026-03-22,2026-04-18,2026-04-11,2026-05-14
2466,Frame,2026-04-18,2026-05-19,2026-05-14,2026-06-15
2466,Lock-up,2026-05-19,2026-07-03,2026-06-15,2026-08-11
2466,Fixing,2026-07-03,2026-09-10,2026-08-11,
2466,Practical completion,2026-09-10,2026-10-02,,
2468,Pre-site,2025-10-30,2026-02-17,2025-10-30,2026-02-24
2468,Base,2026-02-17,2026-03-16,2026-02-24,2026-03-29
2468,Frame,2026-03-16,2026-04-13,2026-03-29,2026-04-28
2468,Lock-up,2026-04-13,2026-05-26,2026-04-28,2026-06-11
2468,Fixing,2026-05-26,2026-07-30,2026-06-11,2026-09-03
2468,Practical completion,2026-07-30,2026-08-21,2026-09-03,2026-09-25
2471,Pre-site,2026-04-13,2026-07-07,2026-04-13,2026-08-05
2471,Base,2026-07-07,2026-08-03,2026-08-05,2026-09-03
2471,Frame,2026-08-03,2026-09-04,2026-09-03,
2471,Lock-up,2026-09-04,2026-10-17,,
2471,Fixing,2026-10-17,2026-12-14,,
2471,Practical completion,2026-12-14,2027-01-07,,
2473,Pre-site,2026-03-14,2026-06-15,2026-03-14,2026-07-15
2473,Base,2026-06-15,2026-07-12,2026-07-15,2026-08-10
2473,Frame,2026-07-12,2026-08-14,2026-08-10,2026-09-16
2473,Lock-up,2026-08-14,2026-10-02,2026-09-16,
2473,Fixing,2026-10-02,2026-12-08,,
2473,Practical completion,2026-12-08,2027-01-01,,
2474,Pre-site,2025-10-23,2026-01-16,2025-10-23,2026-01-13
2474,Base,2026-01-16,2026-02-06,2026-01-13,2026-02-03
2474,Frame,2026-02-06,2026-03-13,2026-02-03,2026-03-14
2474,Lock-up,2026-03-13,2026-05-04,2026-03-14,2026-05-15
2474,Fixing,2026-05-04,2026-07-07,2026-05-15,2026-08-03
2474,Practical completion,2026-07-07,2026-08-04,2026-08-03,2026-09-02
2476,Pre-site,2025-10-21,2026-01-18,2025-10-21,2026-01-19
2476,Base,2026-01-18,2026-02-14,2026-01-19,2026-02-21
2476,Frame,2026-02-14,2026-03-21,2026-02-21,2026-04-05
2476,Lock-up,2026-03-21,2026-05-05,2026-04-05,2026-05-25
2476,Fixing,2026-05-05,2026-07-07,2026-05-25,2026-08-02
2476,Practical completion,2026-07-07,2026-08-02,2026-08-02,2026-09-01
2478,Pre-site,2025-09-17,2025-12-20,2025-09-17,2026-01-07
2478,Base,2025-12-20,2026-01-11,2026-01-07,2026-01-29
2478,Frame,2026-01-11,2026-02-15,2026-01-29,2026-03-12
2478,Lock-up,2026-02-15,2026-04-05,2026-03-12,2026-05-22
2478,Fixing,2026-04-05,2026-06-04,2026-05-22,2026-08-09
2478,Practical completion,2026-06-04,2026-06-29,2026-08-09,2026-09-05
