invoice_id,supplier,supplier_invoice_no,job_id,cost_code,po_id,invoice_date,due_date,amount,quantity,unit_amount,paid_date
B88000,Gulf Building Certifiers,INV-77637,2361,01,PO5100,2026-05-22,2026-06-30,21870,,,2026-06-30
B88001,Plains Earthmoving,INV-46075,2361,02,PO5101,2026-05-22,2026-06-30,14360,,,2026-06-30
B88002,Portside Concrete,INV-90385,2361,03,PO5102,2026-06-18,2026-07-31,35720,,,2026-07-31
B88003,Torrens Plumbing,INV-93258,2361,04,PO5103,2026-06-18,2026-07-31,28180,,,2026-07-31
B88004,Southern Cross Frames & Trusses,INV-52417,2361,05,PO5104,2026-07-27,2026-08-31,39400,,,2026-08-31
B88005,Ridgeline Roofing,INV-25231,2361,06,PO5105,2026-08-27,2026-09-30,9200,,,
B88006,Gulf Building Certifiers,INV-46145,2363,01,PO5111,2026-02-15,2026-03-31,22050,,,2026-03-31
B88007,Plains Earthmoving,INV-75894,2363,02,PO5112,2026-02-14,2026-03-31,15880,,,2026-03-31
B88008,Portside Concrete,INV-86390,2363,03,PO5113,2026-03-20,2026-04-30,42070,,,2026-04-30
B88009,Torrens Plumbing,INV-27218,2363,04,PO5114,2026-03-22,2026-04-30,33110,,,2026-04-30
B88010,Southern Cross Frames & Trusses,INV-19946,2363,05,PO5115,2026-04-16,2026-05-31,46320,,,2026-05-31
B88011,Ridgeline Roofing,INV-72366,2363,06,PO5116,2026-06-18,2026-07-31,26590,,,2026-07-31
B88012,Parklands Bricklaying,INV-94243,2363,07,PO5117,2026-06-13,2026-07-31,38000,,,2026-07-31
B88013,Northgate Windows & Doors,INV-35097,2363,08,PO5118,2026-06-13,2026-07-31,23420,,,2026-07-31
B88014,Brightline Electrical,INV-60377,2363,09,PO5119,2026-09-06,2026-10-31,20920,,,
B88015,Coastal Plaster & Insulation,INV-24641,2363,10,PO5120,2026-09-07,2026-10-31,31940,,,
B88016,Mallee Kitchens & Joinery,INV-61077,2363,11,PO5121,2026-09-08,2026-10-31,34710,,,
B88017,Gulfview Tiling,INV-22576,2363,12,PO5122,2026-09-02,2026-10-31,20650,,,
B88018,Redgum Carpentry,INV-45533,2363,13,PO5123,2026-09-02,2026-10-31,17810,,,
B88019,Onka Painting,INV-89076,2363,14,PO5124,2026-09-07,2026-10-31,16330,,,
B88020,Metro Paving & Cleaning,INV-97572,2363,16,PO5126,2026-09-08,2026-10-31,5900,,,
B88021,Gulf Building Certifiers,INV-70728,2364,01,PO5127,2026-06-30,2026-07-31,19960,,,2026-07-31
B88022,Plains Earthmoving,INV-97942,2364,02,PO5128,2026-07-02,2026-08-31,11920,,,2026-08-31
B88023,Portside Concrete,INV-69999,2364,03,PO5129,2026-08-02,2026-09-30,36220,,,
B88024,Torrens Plumbing,INV-20364,2364,04,PO5130,2026-08-03,2026-09-30,25880,,,
B88025,Southern Cross Frames & Trusses,INV-53399,2364,05,PO5131,2026-09-14,2026-10-31,35580,,,
B88026,Ridgeline Roofing,INV-26644,2364,06,PO5132,2026-09-18,2026-10-31,9550,,,
B88027,Northgate Windows & Doors,INV-35795,2364,08,PO5134,2026-09-21,2026-10-31,13430,,,
B88028,Gulf Building Certifiers,INV-18616,2366,01,PO5135,2026-02-28,2026-03-31,25660,,,2026-03-31
B88029,Plains Earthmoving,INV-82075,2366,02,PO5136,2026-03-02,2026-04-30,16230,,,2026-04-30
B88030,Portside Concrete,INV-84936,2366,03,PO5137,2026-03-28,2026-04-30,40930,,,2026-04-30
B88031,Torrens Plumbing,INV-77172,2366,04,PO5138,2026-03-26,2026-04-30,32700,,,2026-04-30
B88032,Southern Cross Frames & Trusses,INV-91886,2366,05,PO5139,2026-05-01,2026-06-30,48300,,,2026-06-30
B88033,Ridgeline Roofing,INV-70525,2366,06,PO5140,2026-06-21,2026-07-31,24450,,,2026-07-31
B88034,Parklands Bricklaying,INV-85130,2366,07,PO5141,2026-06-22,2026-07-31,47240,,,2026-07-31
B88035,Northgate Windows & Doors,INV-28638,2366,08,PO5142,2026-06-20,2026-07-31,24640,,,2026-07-31
B88036,Brightline Electrical,INV-67507,2366,09,PO5143,2026-08-27,2026-09-30,21230,,,
B88037,Coastal Plaster & Insulation,INV-97085,2366,10,PO5144,2026-08-27,2026-09-30,30840,,,
B88038,Mallee Kitchens & Joinery,INV-11475,2366,11,PO5145,2026-08-29,2026-09-30,33280,,,
B88039,Gulfview Tiling,INV-19360,2366,12,PO5146,2026-08-29,2026-09-30,22830,,,
B88040,Redgum Carpentry,INV-79132,2366,13,PO5147,2026-08-29,2026-09-30,17060,,,
B88041,Onka Painting,INV-52745,2366,14,PO5148,2026-08-27,2026-09-30,16700,,,
B88042,Riverland Floors,INV-97827,2366,15,PO5149,2026-09-02,2026-10-31,8360,,,
B88043,Metro Paving & Cleaning,INV-19605,2366,16,PO5150,2026-09-27,2026-10-31,7480,,,
B88044,Gulf Building Certifiers,INV-36492,2369,01,PO5151,2026-06-22,2026-07-31,19650,,,2026-07-31
B88045,Plains Earthmoving,INV-98616,2369,02,PO5152,2026-06-19,2026-07-31,13340,,,2026-07-31
B88046,Portside Concrete,INV-56083,2369,03,PO5153,2026-07-13,2026-08-31,31740,,,2026-08-31
B88047,Torrens Plumbing,INV-84036,2369,04,PO5154,2026-07-19,2026-08-31,25050,,,2026-08-31
B88048,Southern Cross Frames & Trusses,INV-35387,2369,05,PO5155,2026-08-19,2026-09-30,34870,,,
B88049,Plains Earthmoving,INV-35874,2371,02,PO5160,2026-08-24,2026-09-30,7340,,,
B88050,Gulf Building Certifiers,INV-59354,2372,01,PO5163,2026-05-19,2026-06-30,18460,,,2026-06-30
B88051,Plains Earthmoving,INV-18332,2372,02,PO5164,2026-05-18,2026-06-30,13210,,,2026-06-30
B88052,Portside Concrete,INV-38572,2372,03,PO5165,2026-06-18,2026-07-31,31760,,,2026-07-31
B88053,Torrens Plumbing,INV-92156,2372,04,PO5166,2026-06-16,2026-07-31,26850,,,2026-07-31
B88054,Southern Cross Frames & Trusses,INV-90267,2372,05,PO5167,2026-07-21,2026-08-31,34970,,,
B88055,Ridgeline Roofing,INV-73713,2372,06,PO5168,2026-09-20,2026-10-31,19070,,,
B88056,Parklands Bricklaying,INV-75258,2372,07,PO5169,2026-09-25,2026-10-31,29950,,,
B88057,Northgate Windows & Doors,INV-30298,2372,08,PO5170,2026-09-23,2026-10-31,18420,,,
B88058,Brightline Electrical,INV-31907,2372,09,PO5171,2026-09-28,2026-10-31,8320,,,
B88059,Gulfview Tiling,INV-58500,2372,12,PO5174,2026-09-27,2026-10-31,6640,,,
B88060,Onka Painting,INV-40372,2372,14,PO5176,2026-09-28,2026-10-31,6460,,,
B88061,Gulf Building Certifiers,INV-33136,2374,01,PO5177,2026-06-01,2026-07-31,17860,,,2026-07-31
B88062,Plains Earthmoving,INV-60545,2374,02,PO5178,2026-06-01,2026-07-31,11120,,,2026-07-31
B88063,Portside Concrete,INV-16164,2374,03,PO5179,2026-06-26,2026-07-31,27760,,,2026-07-31
B88064,Torrens Plumbing,INV-54062,2374,04,PO5180,2026-06-29,2026-07-31,22940,,,2026-07-31
B88065,Southern Cross Frames & Trusses,INV-64118,2374,05,PO5181,2026-08-04,2026-09-30,33000,,,
B88066,Parklands Bricklaying,INV-31519,2374,07,PO5183,2026-08-17,2026-09-30,15260,,,
B88067,Gulf Building Certifiers,INV-33939,2377,01,PO5185,2026-02-04,2026-03-31,21030,,,2026-03-31
B88068,Plains Earthmoving,INV-58770,2377,02,PO5186,2026-02-07,2026-03-31,13170,,,2026-03-31
B88069,Portside Concrete,INV-73108,2377,03,PO5187,2026-03-10,2026-04-30,33580,,,2026-04-30
B88070,Torrens Plumbing,INV-17554,2377,04,PO5188,2026-03-07,2026-04-30,27830,,,2026-04-30
B88071,Southern Cross Frames & Trusses,INV-78352,2377,05,PO5189,2026-04-18,2026-05-31,37290,,,2026-05-31
B88072,Ridgeline Roofing,INV-24404,2377,06,PO5190,2026-06-11,2026-07-31,19410,,,2026-07-31
B88073,Parklands Bricklaying,INV-58766,2377,07,PO5191,2026-06-11,2026-07-31,36390,,,2026-07-31
B88074,Northgate Windows & Doors,INV-74894,2377,08,PO5192,2026-06-14,2026-07-31,18750,,,2026-07-31
B88075,Brightline Electrical,INV-10685,2377,09,PO5193,2026-08-19,2026-09-30,17240,,,
B88076,Coastal Plaster & Insulation,INV-35235,2377,10,PO5194,2026-08-18,2026-09-30,23100,,,
B88077,Mallee Kitchens & Joinery,INV-66058,2377,11,PO5195,2026-08-19,2026-09-30,25630,,,
B88078,Gulfview Tiling,INV-58295,2377,12,PO5196,2026-08-18,2026-09-30,15950,,,
B88079,Redgum Carpentry,INV-95252,2377,13,PO5197,2026-08-19,2026-09-30,14320,,,
B88080,Onka Painting,INV-36410,2377,14,PO5198,2026-08-18,2026-09-30,13140,,,
B88081,Riverland Floors,INV-42185,2377,15,PO5199,2026-09-10,2026-10-31,9470,,,
B88082,Metro Paving & Cleaning,INV-74040,2377,16,PO5200,2026-09-12,2026-10-31,10550,,,
B88083,Gulf Building Certifiers,INV-17512,2378,01,PO5201,2026-01-22,2026-02-28,18380,,,2026-02-28
B88084,Plains Earthmoving,INV-86129,2378,02,PO5202,2026-01-16,2026-02-28,12840,,,2026-02-28
B88085,Portside Concrete,INV-39467,2378,03,PO5203,2026-02-13,2026-03-31,31630,,,2026-03-31
B88086,Torrens Plumbing,INV-63193,2378,04,PO5204,2026-02-13,2026-03-31,24950,,,2026-03-31
B88087,Southern Cross Frames & Trusses,INV-76058,2378,05,PO5205,2026-03-26,2026-04-30,40970,,,2026-04-30
B88088,Ridgeline Roofing,INV-94044,2378,06,PO5206,2026-06-05,2026-07-31,22230,,,2026-07-31
B88089,Parklands Bricklaying,INV-17299,2378,07,PO5207,2026-06-06,2026-07-31,38830,,,2026-07-31
B88090,Northgate Windows & Doors,INV-20990,2378,08,PO5208,2026-06-08,2026-07-31,19290,,,2026-07-31
B88091,Brightline Electrical,INV-14446,2378,09,PO5209,2026-08-27,2026-09-30,18180,,,
B88092,Coastal Plaster & Insulation,INV-70062,2378,10,PO5210,2026-08-25,2026-09-30,24670,,,
B88093,Mallee Kitchens & Joinery,INV-10597,2378,11,PO5211,2026-08-27,2026-09-30,25550,,,
B88094,Gulfview Tiling,INV-44407,2378,12,PO5212,2026-08-27,2026-09-30,17570,,,
B88095,Redgum Carpentry,INV-31855,2378,13,PO5213,2026-08-27,2026-09-30,12930,,,
B88096,Onka Painting,INV-83911,2378,14,PO5214,2026-08-27,2026-09-30,13050,,,
B88097,Riverland Floors,INV-77950,2378,15,PO5215,2026-09-22,2026-10-31,11020,,,
B88098,Metro Paving & Cleaning,INV-83185,2378,16,PO5216,2026-09-16,2026-10-31,10610,,,
B88099,Gulf Building Certifiers,INV-63895,2381,01,PO5217,2026-04-07,2026-05-31,22420,,,2026-05-31
B88100,Plains Earthmoving,INV-18814,2381,02,PO5218,2026-04-09,2026-05-31,14550,,,2026-05-31
B88101,Portside Concrete,INV-49963,2381,03,PO5219,2026-05-10,2026-06-30,37380,,,2026-06-30
B88102,Torrens Plumbing,INV-98765,2381,04,PO5220,2026-05-14,2026-06-30,30510,,,2026-06-30
B88103,Southern Cross Frames & Trusses,INV-41748,2381,05,PO5221,2026-06-27,2026-07-31,42090,,,2026-07-31
B88104,Ridgeline Roofing,INV-29945,2381,06,PO5222,2026-08-30,2026-09-30,24240,,,
B88105,Parklands Bricklaying,INV-73579,2381,07,PO5223,2026-08-26,2026-09-30,40560,,,
B88106,Northgate Windows & Doors,INV-50145,2381,08,PO5224,2026-08-27,2026-09-30,24650,,,
B88107,Coastal Plaster & Insulation,INV-72900,2381,10,PO5226,2026-09-18,2026-10-31,19620,,,
B88108,Gulfview Tiling,INV-58658,2381,12,PO5228,2026-09-15,2026-10-31,14290,,,
B88109,Gulf Building Certifiers,INV-81193,2383,01,PO5231,2026-09-05,2026-10-31,20550,,,
B88110,Plains Earthmoving,INV-63591,2383,02,PO5232,2026-09-01,2026-10-31,13960,,,
B88111,Portside Concrete,INV-87671,2383,03,PO5233,2026-09-24,2026-10-31,19220,,,
B88112,Torrens Plumbing,INV-38315,2383,04,PO5234,2026-09-12,2026-10-31,13770,,,
B88113,Gulf Building Certifiers,INV-86028,2384,01,PO5236,2026-08-17,2026-09-30,28170,,,
B88114,Plains Earthmoving,INV-64332,2384,02,PO5237,2026-08-19,2026-09-30,18750,,,
B88115,Portside Concrete,INV-94884,2384,03,PO5238,2026-09-13,2026-10-31,46360,,,
B88116,Torrens Plumbing,INV-66656,2384,04,PO5239,2026-09-11,2026-10-31,37640,,,
B88117,Gulf Building Certifiers,INV-41485,2387,01,PO5241,2026-05-23,2026-06-30,24480,,,2026-06-30
B88118,Plains Earthmoving,INV-85049,2387,02,PO5242,2026-05-19,2026-06-30,17610,,,2026-06-30
B88119,Portside Concrete,INV-88079,2387,03,PO5243,2026-06-16,2026-07-31,42850,,,2026-07-31
B88120,Torrens Plumbing,INV-63318,2387,04,PO5244,2026-06-19,2026-07-31,35600,,,2026-07-31
B88121,Southern Cross Frames & Trusses,INV-99677,2387,05,PO5245,2026-07-19,2026-08-31,47630,,,2026-08-31
B88122,Ridgeline Roofing,INV-66776,2387,06,PO5246,2026-09-22,2026-10-31,24050,,,
B88123,Parklands Bricklaying,INV-12742,2387,07,PO5247,2026-09-23,2026-10-31,41460,,,
B88124,Northgate Windows & Doors,INV-56668,2387,08,PO5248,2026-09-18,2026-10-31,27560,,,
B88125,Brightline Electrical,INV-45318,2387,09,PO5249,2026-09-24,2026-10-31,9390,,,
B88126,Coastal Plaster & Insulation,INV-83192,2387,10,PO5250,2026-09-28,2026-10-31,13760,,,
B88127,Gulfview Tiling,INV-40031,2387,12,PO5252,2026-09-27,2026-10-31,15030,,,
B88128,Redgum Carpentry,INV-14767,2387,13,PO5253,2026-09-24,2026-10-31,7920,,,
B88129,Onka Painting,INV-98898,2387,14,PO5254,2026-09-26,2026-10-31,8520,,,
B88130,Plains Earthmoving,INV-75862,2388,02,PO5256,2026-07-09,2026-08-31,8940,,,2026-08-31
B88131,Gulf Building Certifiers,INV-28444,2390,01,PO5257,2026-06-05,2026-07-31,17700,,,2026-07-31
B88132,Plains Earthmoving,INV-86932,2390,02,PO5258,2026-06-05,2026-07-31,11980,,,2026-07-31
B88133,Portside Concrete,INV-48203,2390,03,PO5259,2026-06-26,2026-07-31,32600,,,2026-07-31
B88134,Torrens Plumbing,INV-13867,2390,04,PO5260,2026-06-25,2026-07-31,25490,,,2026-07-31
B88135,Southern Cross Frames & Trusses,INV-29146,2390,05,PO5261,2026-07-24,2026-08-31,37340,,,2026-08-31
B88136,Ridgeline Roofing,INV-35855,2390,06,PO5262,2026-09-16,2026-10-31,19190,,,
B88137,Parklands Bricklaying,INV-71704,2390,07,PO5263,2026-09-11,2026-10-31,31290,,,
B88138,Northgate Windows & Doors,INV-96013,2390,08,PO5264,2026-09-13,2026-10-31,17610,,,
B88139,Brightline Electrical,INV-45427,2390,09,PO5265,2026-09-17,2026-10-31,8450,,,
B88140,Gulfview Tiling,INV-58455,2390,12,PO5268,2026-09-17,2026-10-31,9870,,,
B88141,Onka Painting,INV-11441,2390,14,PO5270,2026-09-26,2026-10-31,6710,,,
B88142,Gulf Building Certifiers,INV-20871,2392,01,PO5271,2026-01-23,2026-02-28,16790,,,2026-02-28
B88143,Plains Earthmoving,INV-44104,2392,02,PO5272,2026-01-21,2026-02-28,12070,,,2026-02-28
B88144,Portside Concrete,INV-46974,2392,03,PO5273,2026-02-15,2026-03-31,29180,,,2026-03-31
B88145,Torrens Plumbing,INV-44140,2392,04,PO5274,2026-02-11,2026-03-31,25810,,,2026-03-31
B88146,Southern Cross Frames & Trusses,INV-58989,2392,05,PO5275,2026-03-22,2026-04-30,30530,,,2026-04-30
B88147,Ridgeline Roofing,INV-54872,2392,06,PO5276,2026-05-21,2026-06-30,17960,,,2026-06-30
B88148,Parklands Bricklaying,INV-31435,2392,07,PO5277,2026-05-24,2026-06-30,29480,,,2026-06-30
B88149,Northgate Windows & Doors,INV-12995,2392,08,PO5278,2026-05-24,2026-06-30,18770,,,2026-06-30
B88150,Brightline Electrical,INV-67940,2392,09,PO5279,2026-08-09,2026-09-30,14420,,,
B88151,Coastal Plaster & Insulation,INV-13078,2392,10,PO5280,2026-08-10,2026-09-30,21420,,,
B88152,Mallee Kitchens & Joinery,INV-91730,2392,11,PO5281,2026-08-09,2026-09-30,22980,,,
B88153,Gulfview Tiling,INV-53883,2392,12,PO5282,2026-08-05,2026-09-30,14620,,,
B88154,Redgum Carpentry,INV-91678,2392,13,PO5283,2026-08-09,2026-09-30,12220,,,
B88155,Onka Painting,INV-52019,2392,14,PO5284,2026-08-08,2026-09-30,12020,,,
B88156,Riverland Floors,INV-88932,2392,15,PO5285,2026-09-01,2026-10-31,9670,,,
B88157,Metro Paving & Cleaning,INV-29378,2392,16,PO5286,2026-09-04,2026-10-31,8460,,,
B88158,Gulf Building Certifiers,INV-19426,2395,01,PO5287,2026-01-28,2026-02-28,25650,,,2026-02-28
B88159,Plains Earthmoving,INV-37185,2395,02,PO5288,2026-01-27,2026-02-28,15910,,,2026-02-28
B88160,Portside Concrete,INV-71684,2395,03,PO5289,2026-02-25,2026-03-31,41420,,,2026-03-31
B88161,Torrens Plumbing,INV-13641,2395,04,PO5290,2026-02-24,2026-03-31,32490,,,2026-03-31
B88162,Southern Cross Frames & Trusses,INV-54133,2395,05,PO5291,2026-04-08,2026-05-31,47620,,,2026-05-31
B88163,Ridgeline Roofing,INV-24084,2395,06,PO5292,2026-06-10,2026-07-31,26330,,,2026-07-31
B88164,Parklands Bricklaying,INV-43085,2395,07,PO5293,2026-06-12,2026-07-31,40510,,,2026-07-31
B88165,Northgate Windows & Doors,INV-85429,2395,08,PO5294,2026-06-14,2026-07-31,25480,,,2026-07-31
B88166,Brightline Electrical,INV-34830,2395,09,PO5295,2026-08-24,2026-09-30,19260,,,
B88167,Coastal Plaster & Insulation,INV-53590,2395,10,PO5296,2026-08-21,2026-09-30,28070,,,
B88168,Mallee Kitchens & Joinery,INV-60062,2395,11,PO5297,2026-08-19,2026-09-30,30730,,,
B88169,Gulfview Tiling,INV-12959,2395,12,PO5298,2026-08-23,2026-09-30,21440,,,
B88170,Redgum Carpentry,INV-10150,2395,13,PO5299,2026-08-25,2026-09-30,16650,,,
B88171,Onka Painting,INV-45061,2395,14,PO5300,2026-08-24,2026-09-30,17190,,,
B88172,Riverland Floors,INV-10829,2395,15,PO5301,2026-09-18,2026-10-31,11820,,,
B88173,Metro Paving & Cleaning,INV-72306,2395,16,PO5302,2026-09-18,2026-10-31,13400,,,
B88174,Gulf Building Certifiers,INV-30079,2397,01,PO5303,2026-02-28,2026-03-31,24830,,,2026-03-31
B88175,Plains Earthmoving,INV-24203,2397,02,PO5304,2026-02-26,2026-03-31,16200,,,2026-03-31
B88176,Portside Concrete,INV-52910,2397,03,PO5305,2026-03-19,2026-04-30,37460,,,2026-04-30
B88177,Torrens Plumbing,INV-24748,2397,04,PO5306,2026-03-17,2026-04-30,32180,,,2026-04-30
B88178,Southern Cross Frames & Trusses,INV-67764,2397,05,PO5307,2026-04-27,2026-05-31,45110,,,2026-05-31
B88179,Ridgeline Roofing,INV-65242,2397,06,PO5308,2026-06-10,2026-07-31,26060,,,2026-07-31
B88180,Parklands Bricklaying,INV-54907,2397,07,PO5309,2026-06-12,2026-07-31,40590,,,2026-07-31
B88181,Northgate Windows & Doors,INV-80642,2397,08,PO5310,2026-06-10,2026-07-31,26320,,,2026-07-31
B88182,Brightline Electrical,INV-46522,2397,09,PO5311,2026-08-17,2026-09-30,20980,,,
B88183,Coastal Plaster & Insulation,INV-82333,2397,10,PO5312,2026-08-17,2026-09-30,30690,,,
B88184,Mallee Kitchens & Joinery,INV-40567,2397,11,PO5313,2026-08-16,2026-09-30,34350,,,
B88185,Gulfview Tiling,INV-35509,2397,12,PO5314,2026-08-21,2026-09-30,21190,,,
B88186,Redgum Carpentry,INV-94369,2397,13,PO5315,2026-08-21,2026-09-30,16130,,,
B88187,Onka Painting,INV-13437,2397,14,PO5316,2026-08-18,2026-09-30,16900,,,
B88188,Riverland Floors,INV-80438,2397,15,PO5317,2026-09-13,2026-10-31,12510,,,
B88189,Metro Paving & Cleaning,INV-13809,2397,16,PO5318,2026-09-13,2026-10-31,11780,,,
B88190,Gulf Building Certifiers,INV-69418,2399,01,PO5319,2026-02-04,2026-03-31,19840,,,2026-03-31
B88191,Plains Earthmoving,INV-59207,2399,02,PO5320,2026-02-06,2026-03-31,14550,,,2026-03-31
B88192,Portside Concrete,INV-80080,2399,03,PO5321,2026-02-26,2026-03-31,33670,,,2026-03-31
B88193,Torrens Plumbing,INV-88469,2399,04,PO5322,2026-02-26,2026-03-31,28080,,,2026-03-31
B88194,Southern Cross Frames & Trusses,INV-69154,2399,05,PO5323,2026-04-02,2026-05-31,37020,,,2026-05-31
B88195,Ridgeline Roofing,INV-29478,2399,06,PO5324,2026-06-06,2026-07-31,21790,,,2026-07-31
B88196,Parklands Bricklaying,INV-24466,2399,07,PO5325,2026-06-06,2026-07-31,33870,,,2026-07-31
B88197,Northgate Windows & Doors,INV-54369,2399,08,PO5326,2026-06-07,2026-07-31,21620,,,2026-07-31
B88198,Brightline Electrical,INV-56029,2399,09,PO5327,2026-08-25,2026-09-30,17690,,,
B88199,Coastal Plaster & Insulation,INV-92746,2399,10,PO5328,2026-08-27,2026-09-30,23050,,,
B88200,Mallee Kitchens & Joinery,INV-24899,2399,11,PO5329,2026-08-28,2026-09-30,26880,,,
B88201,Gulfview Tiling,INV-88049,2399,12,PO5330,2026-08-27,2026-09-30,16260,,,
B88202,Redgum Carpentry,INV-19246,2399,13,PO5331,2026-08-27,2026-09-30,13940,,,
B88203,Onka Painting,INV-86679,2399,14,PO5332,2026-08-22,2026-09-30,13040,,,
B88204,Riverland Floors,INV-20834,2399,15,PO5333,2026-09-18,2026-10-31,9960,,,
B88205,Metro Paving & Cleaning,INV-80684,2399,16,PO5334,2026-09-15,2026-10-31,10490,,,
B88206,Gulf Building Certifiers,INV-94121,2401,01,PO5335,2026-07-20,2026-08-31,17250,,,2026-08-31
B88207,Plains Earthmoving,INV-16201,2401,02,PO5336,2026-07-24,2026-08-31,12180,,,2026-08-31
B88208,Portside Concrete,INV-53140,2401,03,PO5337,2026-08-16,2026-09-30,29490,,,
B88209,Torrens Plumbing,INV-49938,2401,04,PO5338,2026-08-16,2026-09-30,25880,,,
B88210,Southern Cross Frames & Trusses,INV-94103,2401,05,PO5339,2026-09-10,2026-10-31,36390,,,
B88211,Ridgeline Roofing,INV-56963,2401,06,PO5340,2026-09-20,2026-10-31,12360,,,
B88212,Parklands Bricklaying,INV-48083,2401,07,PO5341,2026-09-25,2026-10-31,23880,,,
B88213,Gulf Building Certifiers,INV-20107,2402,01,PO5343,2026-01-30,2026-02-28,18130,,,2026-02-28
B88214,Plains Earthmoving,INV-20932,2402,02,PO5344,2026-01-30,2026-02-28,10770,,,2026-02-28
B88215,Portside Concrete,INV-22259,2402,03,PO5345,2026-02-24,2026-03-31,26210,,,2026-03-31
B88216,Torrens Plumbing,INV-25907,2402,04,PO5346,2026-02-24,2026-03-31,20700,,,2026-03-31
B88217,Southern Cross Frames & Trusses,INV-87120,2402,05,PO5347,2026-03-31,2026-04-30,29840,,,2026-04-30
B88218,Ridgeline Roofing,INV-76161,2402,06,PO5348,2026-05-29,2026-06-30,17080,,,2026-06-30
B88219,Parklands Bricklaying,INV-34257,2402,07,PO5349,2026-06-04,2026-07-31,29010,,,2026-07-31
B88220,Northgate Windows & Doors,INV-73839,2402,08,PO5350,2026-05-31,2026-06-30,15870,,,2026-06-30
B88221,Brightline Electrical,INV-61978,2402,09,PO5351,2026-08-04,2026-09-30,13100,,,
B88222,Coastal Plaster & Insulation,INV-82681,2402,10,PO5352,2026-08-07,2026-09-30,20320,,,
B88223,Mallee Kitchens & Joinery,INV-47946,2402,11,PO5353,2026-08-03,2026-09-30,22810,,,
B88224,Gulfview Tiling,INV-38429,2402,12,PO5354,2026-08-08,2026-09-30,16120,,,
B88225,Redgum Carpentry,INV-67192,2402,13,PO5355,2026-08-03,2026-09-30,10860,,,
B88226,Onka Painting,INV-90765,2402,14,PO5356,2026-08-04,2026-09-30,10630,,,
B88227,Riverland Floors,INV-18309,2402,15,PO5357,2026-08-31,2026-09-30,7770,,,
B88228,Metro Paving & Cleaning,INV-70634,2402,16,PO5358,2026-09-03,2026-10-31,8700,,,
B88229,Gulf Building Certifiers,INV-31689,2404,01,PO5359,2026-03-04,2026-04-30,24190,,,2026-04-30
B88230,Plains Earthmoving,INV-27325,2404,02,PO5360,2026-03-02,2026-04-30,16550,,,2026-04-30
B88231,Portside Concrete,INV-42109,2404,03,PO5361,2026-03-28,2026-04-30,41760,,,2026-04-30
B88232,Torrens Plumbing,INV-89193,2404,04,PO5362,2026-03-30,2026-04-30,32640,,,2026-04-30
B88233,Southern Cross Frames & Trusses,INV-95497,2404,05,PO5363,2026-05-07,2026-06-30,43000,,,2026-06-30
B88234,Ridgeline Roofing,INV-27300,2404,06,PO5364,2026-07-11,2026-08-31,23400,,,2026-08-31
B88235,Parklands Bricklaying,INV-96482,2404,07,PO5365,2026-07-14,2026-08-31,40390,,,2026-08-31
B88236,Northgate Windows & Doors,INV-60579,2404,08,PO5366,2026-07-12,2026-08-31,26150,,,2026-08-31
B88237,Brightline Electrical,INV-97574,2404,09,PO5367,2026-09-24,2026-10-31,20560,,,
B88238,Coastal Plaster & Insulation,INV-41563,2404,10,PO5368,2026-09-19,2026-10-31,26420,,,
B88239,Mallee Kitchens & Joinery,INV-63685,2404,11,PO5369,2026-09-23,2026-10-31,31260,,,
B88240,Gulfview Tiling,INV-44391,2404,12,PO5370,2026-09-21,2026-10-31,19550,,,
B88241,Redgum Carpentry,INV-74471,2404,13,PO5371,2026-09-18,2026-10-31,15870,,,
B88242,Onka Painting,INV-85263,2404,14,PO5372,2026-09-22,2026-10-31,15380,,,
B88243,Gulf Building Certifiers,INV-87379,2406,01,PO5375,2026-02-01,2026-03-31,23420,,,2026-03-31
B88244,Plains Earthmoving,INV-17577,2406,02,PO5376,2026-02-06,2026-03-31,18190,,,2026-03-31
B88245,Portside Concrete,INV-38335,2406,03,PO5377,2026-02-27,2026-03-31,46030,,,2026-03-31
B88246,Torrens Plumbing,INV-35691,2406,04,PO5378,2026-03-01,2026-04-30,36410,,,2026-04-30
B88247,Southern Cross Frames & Trusses,INV-60950,2406,05,PO5379,2026-04-12,2026-05-31,52520,,,2026-05-31
B88248,Ridgeline Roofing,INV-72761,2406,06,PO5380,2026-06-05,2026-07-31,27100,,,2026-07-31
B88249,Parklands Bricklaying,INV-13787,2406,07,PO5381,2026-06-06,2026-07-31,45940,,,2026-07-31
B88250,Northgate Windows & Doors,INV-38614,2406,08,PO5382,2026-06-10,2026-07-31,26890,,,2026-07-31
B88251,Brightline Electrical,INV-72114,2406,09,PO5383,2026-08-28,2026-09-30,21510,,,
B88252,Coastal Plaster & Insulation,INV-86509,2406,10,PO5384,2026-08-28,2026-09-30,32880,,,
B88253,Mallee Kitchens & Joinery,INV-23465,2406,11,PO5385,2026-08-26,2026-09-30,36240,,,
B88254,Gulfview Tiling,INV-55489,2406,12,PO5386,2026-08-26,2026-09-30,21010,,,
B88255,Redgum Carpentry,INV-64906,2406,13,PO5387,2026-08-30,2026-09-30,17990,,,
B88256,Onka Painting,INV-93395,2406,14,PO5388,2026-08-28,2026-09-30,18490,,,
B88257,Riverland Floors,INV-30356,2406,15,PO5389,2026-09-22,2026-10-31,13270,,,
B88258,Metro Paving & Cleaning,INV-47536,2406,16,PO5390,2026-09-22,2026-10-31,12660,,,
B88259,Gulf Building Certifiers,INV-31465,2408,01,PO5391,2026-09-08,2026-10-31,16860,,,
B88260,Plains Earthmoving,INV-31905,2408,02,PO5392,2026-09-06,2026-10-31,10880,,,
B88261,Portside Concrete,INV-23177,2408,03,PO5393,2026-09-19,2026-10-31,15600,,,
B88262,Torrens Plumbing,INV-91452,2408,04,PO5394,2026-09-15,2026-10-31,13000,,,
B88263,Gulf Building Certifiers,INV-76216,2411,01,PO5396,2026-03-08,2026-04-30,16260,,,2026-04-30
B88264,Plains Earthmoving,INV-36605,2411,02,PO5397,2026-03-10,2026-04-30,10220,,,2026-04-30
B88265,Portside Concrete,INV-57105,2411,03,PO5398,2026-04-07,2026-05-31,28030,,,2026-05-31
B88266,Torrens Plumbing,INV-35910,2411,04,PO5399,2026-04-06,2026-05-31,21210,,,2026-05-31
B88267,Southern Cross Frames & Trusses,INV-20884,2411,05,PO5400,2026-04-30,2026-05-31,30320,,,2026-05-31
B88268,Ridgeline Roofing,INV-38130,2411,06,PO5401,2026-07-15,2026-08-31,15350,,,
B88269,Parklands Bricklaying,INV-51134,2411,07,PO5402,2026-07-18,2026-08-31,26820,,,2026-08-31
B88270,Northgate Windows & Doors,INV-82516,2411,08,PO5403,2026-07-16,2026-08-31,14700,,,2026-08-31
B88271,Brightline Electrical,INV-48869,2411,09,PO5404,2026-07-26,2026-08-31,8570,,,2026-08-31
B88272,Coastal Plaster & Insulation,INV-59176,2411,10,PO5405,2026-08-18,2026-09-30,11220,,,
B88273,Onka Painting,INV-17365,2411,14,PO5409,2026-07-28,2026-08-31,5920,,,2026-08-31
B88274,Gulf Building Certifiers,INV-67283,2412,01,PO5412,2026-04-11,2026-05-31,22400,,,2026-05-31
B88275,Plains Earthmoving,INV-21339,2412,02,PO5413,2026-04-12,2026-05-31,15480,,,2026-05-31
B88276,Portside Concrete,INV-22496,2412,03,PO5414,2026-05-11,2026-06-30,43780,,,2026-06-30
B88277,Torrens Plumbing,INV-15470,2412,04,PO5415,2026-05-11,2026-06-30,30010,,,2026-06-30
B88278,Southern Cross Frames & Trusses,INV-89611,2412,05,PO5416,2026-06-19,2026-07-31,45530,,,2026-07-31
B88279,Ridgeline Roofing,INV-41203,2412,06,PO5417,2026-08-18,2026-09-30,24120,,,
B88280,Parklands Bricklaying,INV-23882,2412,07,PO5418,2026-08-15,2026-09-30,45320,,,
B88281,Northgate Windows & Doors,INV-93562,2412,08,PO5419,2026-08-14,2026-09-30,23720,,,
B88282,Brightline Electrical,INV-76361,2412,09,PO5420,2026-09-25,2026-10-31,14660,,,
B88283,Coastal Plaster & Insulation,INV-63350,2412,10,PO5421,2026-09-14,2026-10-31,12730,,,
B88284,Gulfview Tiling,INV-92771,2412,12,PO5423,2026-08-20,2026-09-30,13130,,,
B88285,Onka Painting,INV-36462,2412,14,PO5425,2026-09-23,2026-10-31,10400,,,
B88286,Gulf Building Certifiers,INV-99655,2414,01,PO5426,2026-01-12,2026-02-28,20480,,,2026-02-28
B88287,Plains Earthmoving,INV-51011,2414,02,PO5427,2026-01-13,2026-02-28,12930,,,2026-02-28
B88288,Portside Concrete,INV-68169,2414,03,PO5428,2026-02-07,2026-03-31,34440,,,2026-03-31
B88289,Torrens Plumbing,INV-26221,2414,04,PO5429,2026-02-06,2026-03-31,26550,,,2026-03-31
B88290,Southern Cross Frames & Trusses,INV-32861,2414,05,PO5430,2026-03-10,2026-04-30,35840,,,2026-04-30
B88291,Ridgeline Roofing,INV-61157,2414,06,PO5431,2026-05-26,2026-06-30,21720,,,2026-06-30
B88292,Parklands Bricklaying,INV-56792,2414,07,PO5432,2026-05-22,2026-06-30,38470,,,2026-06-30
B88293,Northgate Windows & Doors,INV-50739,2414,08,PO5433,2026-05-23,2026-06-30,21390,,,2026-06-30
B88294,Brightline Electrical,INV-37445,2414,09,PO5434,2026-08-17,2026-09-30,16980,,,
B88295,Coastal Plaster & Insulation,INV-24057,2414,10,PO5435,2026-08-14,2026-09-30,23250,,,
B88296,Mallee Kitchens & Joinery,INV-68471,2414,11,PO5436,2026-08-15,2026-09-30,28220,,,
B88297,Gulfview Tiling,INV-49594,2414,12,PO5437,2026-08-14,2026-09-30,19080,,,
B88298,Redgum Carpentry,INV-86583,2414,13,PO5438,2026-08-17,2026-09-30,14370,,,
B88299,Onka Painting,INV-35782,2414,14,PO5439,2026-08-15,2026-09-30,15680,,,
B88300,Riverland Floors,INV-42441,2414,15,PO5440,2026-09-09,2026-10-31,10520,,,
B88301,Metro Paving & Cleaning,INV-86008,2414,16,PO5441,2026-09-08,2026-10-31,11190,,,
B88302,Gulf Building Certifiers,INV-13426,2417,01,PO5442,2026-03-07,2026-04-30,16170,,,2026-04-30
B88303,Plains Earthmoving,INV-59257,2417,02,PO5443,2026-03-05,2026-04-30,10290,,,2026-04-30
B88304,Portside Concrete,INV-26482,2417,03,PO5444,2026-03-29,2026-04-30,26160,,,2026-04-30
B88305,Torrens Plumbing,INV-22660,2417,04,PO5445,2026-04-01,2026-05-31,20200,,,2026-05-31
B88306,Southern Cross Frames & Trusses,INV-26772,2417,05,PO5446,2026-05-11,2026-06-30,26550,,,2026-06-30
B88307,Ridgeline Roofing,INV-10283,2417,06,PO5447,2026-07-06,2026-08-31,16540,,,2026-08-31
B88308,Parklands Bricklaying,INV-49172,2417,07,PO5448,2026-07-05,2026-08-31,24070,,,2026-08-31
B88309,Northgate Windows & Doors,INV-11009,2417,08,PO5449,2026-07-05,2026-08-31,16380,,,2026-08-31
B88310,Brightline Electrical,INV-13799,2417,09,PO5450,2026-09-16,2026-10-31,13800,,,
B88311,Coastal Plaster & Insulation,INV-15930,2417,10,PO5451,2026-09-15,2026-10-31,19020,,,
B88312,Mallee Kitchens & Joinery,INV-14830,2417,11,PO5452,2026-09-15,2026-10-31,19030,,,
B88313,Gulfview Tiling,INV-45868,2417,12,PO5453,2026-09-18,2026-10-31,13320,,,
B88314,Redgum Carpentry,INV-91088,2417,13,PO5454,2026-09-13,2026-10-31,10630,,,
B88315,Onka Painting,INV-68699,2417,14,PO5455,2026-09-14,2026-10-31,11000,,,
B88316,Riverland Floors,INV-35740,2417,15,PO5456,2026-09-25,2026-10-31,4520,,,
B88317,Gulf Building Certifiers,INV-20472,2419,01,PO5458,2026-02-27,2026-03-31,17090,,,2026-03-31
B88318,Plains Earthmoving,INV-50025,2419,02,PO5459,2026-02-28,2026-03-31,11380,,,2026-03-31
B88319,Portside Concrete,INV-34936,2419,03,PO5460,2026-04-03,2026-05-31,27480,,,2026-05-31
B88320,Torrens Plumbing,INV-87657,2419,04,PO5461,2026-04-05,2026-05-31,24400,,,2026-05-31
B88321,Southern Cross Frames & Trusses,INV-29430,2419,05,PO5462,2026-04-29,2026-05-31,30720,,,2026-05-31
B88322,Ridgeline Roofing,INV-54979,2419,06,PO5463,2026-07-01,2026-08-31,16660,,,2026-08-31
B88323,Parklands Bricklaying,INV-22350,2419,07,PO5464,2026-07-01,2026-08-31,28700,,,
B88324,Northgate Windows & Doors,INV-28029,2419,08,PO5465,2026-07-03,2026-08-31,18860,,,2026-08-31
B88325,Brightline Electrical,INV-91736,2419,09,PO5466,2026-08-29,2026-09-30,13860,,,
B88326,Coastal Plaster & Insulation,INV-25966,2419,10,PO5467,2026-08-29,2026-09-30,21470,,,
B88327,Mallee Kitchens & Joinery,INV-48283,2419,11,PO5468,2026-08-30,2026-09-30,22210,,,
B88328,Gulfview Tiling,INV-66576,2419,12,PO5469,2026-08-25,2026-09-30,15270,,,
B88329,Redgum Carpentry,INV-71258,2419,13,PO5470,2026-08-25,2026-09-30,12090,,,
B88330,Onka Painting,INV-53651,2419,14,PO5471,2026-08-26,2026-09-30,11000,,,
B88331,Riverland Floors,INV-61243,2419,15,PO5472,2026-09-21,2026-10-31,9290,,,
B88332,Metro Paving & Cleaning,INV-51820,2419,16,PO5473,2026-09-23,2026-10-31,9460,,,
B88333,Gulf Building Certifiers,INV-61550,2420,01,PO5474,2026-04-22,2026-05-31,19480,,,2026-05-31
B88334,Plains Earthmoving,INV-81642,2420,02,PO5475,2026-04-21,2026-05-31,11550,,,2026-05-31
B88335,Portside Concrete,INV-27226,2420,03,PO5476,2026-05-19,2026-06-30,29860,,,2026-06-30
B88336,Torrens Plumbing,INV-85629,2420,04,PO5477,2026-05-19,2026-06-30,25850,,,2026-06-30
B88337,Southern Cross Frames & Trusses,INV-11612,2420,05,PO5478,2026-06-21,2026-07-31,32030,,,2026-07-31
B88338,Ridgeline Roofing,INV-19192,2420,06,PO5479,2026-08-31,2026-09-30,18030,,,
B88339,Parklands Bricklaying,INV-80232,2420,07,PO5480,2026-09-01,2026-10-31,29350,,,
B88340,Northgate Windows & Doors,INV-58270,2420,08,PO5481,2026-09-06,2026-10-31,19120,,,
B88341,Coastal Plaster & Insulation,INV-66557,2420,10,PO5483,2026-09-09,2026-10-31,14180,,,
B88342,Gulf Building Certifiers,INV-30997,2423,01,PO5488,2026-01-30,2026-02-28,19450,,,2026-02-28
B88343,Plains Earthmoving,INV-36787,2423,02,PO5489,2026-01-28,2026-02-28,11920,,,2026-02-28
B88344,Portside Concrete,INV-11865,2423,03,PO5490,2026-02-27,2026-03-31,29760,,,2026-03-31
B88345,Torrens Plumbing,INV-56962,2423,04,PO5491,2026-02-25,2026-03-31,24020,,,2026-03-31
B88346,Southern Cross Frames & Trusses,INV-12867,2423,05,PO5492,2026-04-08,2026-05-31,34120,,,2026-05-31
B88347,Ridgeline Roofing,INV-26712,2423,06,PO5493,2026-06-04,2026-07-31,18630,,,2026-07-31
B88348,Parklands Bricklaying,INV-35762,2423,07,PO5494,2026-06-05,2026-07-31,33160,,,2026-07-31
B88349,Northgate Windows & Doors,INV-15437,2423,08,PO5495,2026-06-03,2026-07-31,19780,,,2026-07-31
B88350,Brightline Electrical,INV-92695,2423,09,PO5496,2026-09-03,2026-10-31,15570,,,
B88351,Coastal Plaster & Insulation,INV-27201,2423,10,PO5497,2026-09-02,2026-10-31,20740,,,
B88352,Mallee Kitchens & Joinery,INV-25972,2423,11,PO5498,2026-09-04,2026-10-31,23980,,,
B88353,Gulfview Tiling,INV-28790,2423,12,PO5499,2026-09-02,2026-10-31,14230,,,
B88354,Redgum Carpentry,INV-89079,2423,13,PO5500,2026-09-08,2026-10-31,11030,,,
B88355,Onka Painting,INV-39388,2423,14,PO5501,2026-09-03,2026-10-31,12970,,,
B88356,Metro Paving & Cleaning,INV-63033,2423,16,PO5503,2026-09-19,2026-10-31,5800,,,
B88357,Gulf Building Certifiers,INV-37213,2424,01,PO5504,2026-07-24,2026-08-31,17680,,,2026-08-31
B88358,Plains Earthmoving,INV-59605,2424,02,PO5505,2026-07-20,2026-08-31,12010,,,2026-08-31
B88359,Portside Concrete,INV-32365,2424,03,PO5506,2026-08-18,2026-09-30,30010,,,
B88360,Torrens Plumbing,INV-29672,2424,04,PO5507,2026-08-18,2026-09-30,24000,,,
B88361,Southern Cross Frames & Trusses,INV-11339,2424,05,PO5508,2026-09-17,2026-10-31,33180,,,
B88362,Northgate Windows & Doors,INV-80069,2424,08,PO5511,2026-09-21,2026-10-31,12600,,,
B88363,Gulf Building Certifiers,INV-74015,2426,01,PO5512,2026-05-01,2026-06-30,18470,,,2026-06-30
B88364,Plains Earthmoving,INV-83685,2426,02,PO5513,2026-04-30,2026-05-31,13610,,,2026-05-31
B88365,Portside Concrete,INV-46616,2426,03,PO5514,2026-05-23,2026-06-30,32870,,,2026-06-30
B88366,Torrens Plumbing,INV-11642,2426,04,PO5515,2026-05-24,2026-06-30,26290,,,2026-06-30
B88367,Southern Cross Frames & Trusses,INV-55859,2426,05,PO5516,2026-07-08,2026-08-31,37350,,,2026-08-31
B88368,Ridgeline Roofing,INV-79604,2426,06,PO5517,2026-09-02,2026-10-31,19980,,,
B88369,Parklands Bricklaying,INV-57410,2426,07,PO5518,2026-09-04,2026-10-31,33690,,,
B88370,Northgate Windows & Doors,INV-72560,2426,08,PO5519,2026-08-31,2026-09-30,22150,,,
B88371,Coastal Plaster & Insulation,INV-96976,2426,10,PO5521,2026-09-07,2026-10-31,12270,,,
B88372,Mallee Kitchens & Joinery,INV-19999,2426,11,PO5522,2026-09-11,2026-10-31,12350,,,
B88373,Gulfview Tiling,INV-25964,2426,12,PO5523,2026-09-21,2026-10-31,10510,,,
B88374,Redgum Carpentry,INV-66271,2426,13,PO5524,2026-09-08,2026-10-31,8290,,,
B88375,Gulf Building Certifiers,INV-72243,2429,01,PO5526,2026-01-23,2026-02-28,18080,,,2026-02-28
B88376,Plains Earthmoving,INV-88452,2429,02,PO5527,2026-01-22,2026-02-28,11570,,,2026-02-28
B88377,Portside Concrete,INV-14713,2429,03,PO5528,2026-02-17,2026-03-31,30860,,,2026-03-31
B88378,Torrens Plumbing,INV-24137,2429,04,PO5529,2026-02-17,2026-03-31,23630,,,2026-03-31
B88379,Southern Cross Frames & Trusses,INV-61954,2429,05,PO5530,2026-03-17,2026-04-30,31120,,,2026-04-30
B88380,Ridgeline Roofing,INV-91123,2429,06,PO5531,2026-05-26,2026-06-30,19190,,,2026-06-30
B88381,Parklands Bricklaying,INV-50643,2429,07,PO5532,2026-05-31,2026-06-30,33120,,,2026-06-30
B88382,Northgate Windows & Doors,INV-17922,2429,08,PO5533,2026-05-27,2026-06-30,17740,,,2026-06-30
B88383,Brightline Electrical,INV-64283,2429,09,PO5534,2026-08-12,2026-09-30,14730,,,
B88384,Coastal Plaster & Insulation,INV-91314,2429,10,PO5535,2026-08-08,2026-09-30,22630,,,
B88385,Mallee Kitchens & Joinery,INV-95173,2429,11,PO5536,2026-08-11,2026-09-30,24000,,,
B88386,Gulfview Tiling,INV-41028,2429,12,PO5537,2026-08-09,2026-09-30,16930,,,
B88387,Redgum Carpentry,INV-90098,2429,13,PO5538,2026-08-12,2026-09-30,13140,,,
B88388,Onka Painting,INV-23904,2429,14,PO5539,2026-08-08,2026-09-30,11450,,,
B88389,Riverland Floors,INV-70427,2429,15,PO5540,2026-09-03,2026-10-31,9900,,,
B88390,Metro Paving & Cleaning,INV-55551,2429,16,PO5541,2026-09-07,2026-10-31,9600,,,
B88391,Gulf Building Certifiers,INV-84430,2430,01,PO5542,2026-05-11,2026-06-30,16110,,,2026-06-30
B88392,Plains Earthmoving,INV-97011,2430,02,PO5543,2026-05-06,2026-06-30,11330,,,2026-06-30
B88393,Portside Concrete,INV-42848,2430,03,PO5544,2026-05-30,2026-06-30,29420,,,2026-06-30
B88394,Torrens Plumbing,INV-33556,2430,04,PO5545,2026-05-31,2026-06-30,22480,,,2026-06-30
B88395,Southern Cross Frames & Trusses,INV-54204,2430,05,PO5546,2026-07-07,2026-08-31,28740,,,2026-08-31
B88396,Ridgeline Roofing,INV-71324,2430,06,PO5547,2026-08-26,2026-09-30,17170,,,
B88397,Parklands Bricklaying,INV-21057,2430,07,PO5548,2026-08-27,2026-09-30,30900,,,
B88398,Northgate Windows & Doors,INV-30079,2430,08,PO5549,2026-08-31,2026-09-30,17710,,,
B88399,Brightline Electrical,INV-39993,2430,09,PO5550,2026-09-16,2026-10-31,8610,,,
B88400,Mallee Kitchens & Joinery,INV-79445,2430,11,PO5552,2026-09-26,2026-10-31,12650,,,
B88401,Gulfview Tiling,INV-70692,2430,12,PO5553,2026-09-09,2026-10-31,7700,,,
B88402,Redgum Carpentry,INV-60943,2430,13,PO5554,2026-08-31,2026-09-30,4810,,,
B88403,Onka Painting,INV-96970,2430,14,PO5555,2026-09-22,2026-10-31,5620,,,
B88404,Gulf Building Certifiers,INV-25677,2432,01,PO5556,2026-07-03,2026-08-31,20220,,,2026-08-31
B88405,Plains Earthmoving,INV-10210,2432,02,PO5557,2026-07-09,2026-08-31,14110,,,2026-08-31
B88406,Portside Concrete,INV-62546,2432,03,PO5558,2026-08-03,2026-09-30,33850,,,
B88407,Torrens Plumbing,INV-13233,2432,04,PO5559,2026-07-30,2026-08-31,29550,,,2026-08-31
B88408,Southern Cross Frames & Trusses,INV-90827,2432,05,PO5560,2026-09-05,2026-10-31,43020,,,
B88409,Ridgeline Roofing,INV-29644,2432,06,PO5561,2026-09-13,2026-10-31,11500,,,
B88410,Gulf Building Certifiers,INV-44145,2434,01,PO5564,2026-03-17,2026-04-30,17840,,,2026-04-30
B88411,Plains Earthmoving,INV-18025,2434,02,PO5565,2026-03-16,2026-04-30,11470,,,2026-04-30
B88412,Portside Concrete,INV-99013,2434,03,PO5566,2026-04-12,2026-05-31,32040,,,2026-05-31
B88413,Torrens Plumbing,INV-91058,2434,04,PO5567,2026-04-11,2026-05-31,24890,,,2026-05-31
B88414,Southern Cross Frames & Trusses,INV-63775,2434,05,PO5568,2026-05-16,2026-06-30,33820,,,2026-06-30
B88415,Ridgeline Roofing,INV-92563,2434,06,PO5569,2026-07-02,2026-08-31,16730,,,
B88416,Parklands Bricklaying,INV-25962,2434,07,PO5570,2026-06-27,2026-07-31,30840,,,2026-07-31
B88417,Northgate Windows & Doors,INV-16193,2434,08,PO5571,2026-06-29,2026-07-31,18670,,,2026-07-31
B88418,Brightline Electrical,INV-40672,2434,09,PO5572,2026-09-19,2026-10-31,14940,,,
B88419,Coastal Plaster & Insulation,INV-62521,2434,10,PO5573,2026-09-17,2026-10-31,22510,,,
B88420,Mallee Kitchens & Joinery,INV-59991,2434,11,PO5574,2026-09-17,2026-10-31,22730,,,
B88421,Gulfview Tiling,INV-64463,2434,12,PO5575,2026-09-17,2026-10-31,15740,,,
B88422,Redgum Carpentry,INV-82765,2434,13,PO5576,2026-09-15,2026-10-31,12850,,,
B88423,Onka Painting,INV-55345,2434,14,PO5577,2026-09-20,2026-10-31,11420,,,
B88424,Riverland Floors,INV-27100,2434,15,PO5578,2026-09-24,2026-10-31,5890,,,
B88425,Gulf Building Certifiers,INV-41952,2437,01,PO5580,2026-07-18,2026-08-31,10370,,,2026-08-31
B88426,Gulf Building Certifiers,INV-48236,2439,01,PO5584,2026-02-19,2026-03-31,21500,,,2026-03-31
B88427,Plains Earthmoving,INV-24084,2439,02,PO5585,2026-02-15,2026-03-31,14340,,,2026-03-31
B88428,Portside Concrete,INV-89419,2439,03,PO5586,2026-03-13,2026-04-30,34470,,,2026-04-30
B88429,Torrens Plumbing,INV-58906,2439,04,PO5587,2026-03-14,2026-04-30,28810,,,2026-04-30
B88430,Southern Cross Frames & Trusses,INV-67208,2439,05,PO5588,2026-04-15,2026-05-31,37220,,,2026-05-31
B88431,Ridgeline Roofing,INV-17766,2439,06,PO5589,2026-06-12,2026-07-31,21310,,,2026-07-31
B88432,Parklands Bricklaying,INV-49049,2439,07,PO5590,2026-06-13,2026-07-31,38050,,,2026-07-31
B88433,Northgate Windows & Doors,INV-19529,2439,08,PO5591,2026-06-12,2026-07-31,21160,,,2026-07-31
B88434,Brightline Electrical,INV-33463,2439,09,PO5592,2026-09-01,2026-10-31,18580,,,
B88435,Coastal Plaster & Insulation,INV-52273,2439,10,PO5593,2026-08-31,2026-09-30,23850,,,
B88436,Mallee Kitchens & Joinery,INV-25768,2439,11,PO5594,2026-08-29,2026-09-30,29570,,,
B88437,Gulfview Tiling,INV-71004,2439,12,PO5595,2026-09-02,2026-10-31,16410,,,
B88438,Redgum Carpentry,INV-88662,2439,13,PO5596,2026-09-01,2026-10-31,14120,,,
B88439,Onka Painting,INV-84685,2439,14,PO5597,2026-09-03,2026-10-31,15330,,,
B88440,Metro Paving & Cleaning,INV-75718,2439,16,PO5599,2026-09-24,2026-10-31,5870,,,
B88441,Gulf Building Certifiers,INV-46794,2441,01,PO5600,2026-07-25,2026-08-31,11100,,,2026-08-31
B88442,Plains Earthmoving,INV-94753,2441,02,PO5601,2026-08-19,2026-09-30,11940,,,
B88443,Gulf Building Certifiers,INV-24337,2443,01,PO5602,2026-05-14,2026-06-30,24210,,,2026-06-30
B88444,Plains Earthmoving,INV-43671,2443,02,PO5603,2026-05-15,2026-06-30,17070,,,2026-06-30
B88445,Portside Concrete,INV-39421,2443,03,PO5604,2026-06-10,2026-07-31,41460,,,2026-07-31
B88446,Torrens Plumbing,INV-54897,2443,04,PO5605,2026-06-10,2026-07-31,36100,,,2026-07-31
B88447,Southern Cross Frames & Trusses,INV-69909,2443,05,PO5606,2026-07-13,2026-08-31,46460,,,2026-08-31
B88448,Ridgeline Roofing,INV-17670,2443,06,PO5607,2026-09-15,2026-10-31,27260,,,
B88449,Parklands Bricklaying,INV-54319,2443,07,PO5608,2026-09-13,2026-10-31,42640,,,
B88450,Northgate Windows & Doors,INV-21954,2443,08,PO5609,2026-09-15,2026-10-31,27220,,,
B88451,Coastal Plaster & Insulation,INV-19609,2443,10,PO5611,2026-09-18,2026-10-31,17680,,,
B88452,Mallee Kitchens & Joinery,INV-13053,2443,11,PO5612,2026-09-26,2026-10-31,21660,,,
B88453,Redgum Carpentry,INV-90493,2443,13,PO5614,2026-09-22,2026-10-31,12400,,,
B88454,Onka Painting,INV-50472,2443,14,PO5615,2026-09-22,2026-10-31,8330,,,
B88455,Gulf Building Certifiers,INV-83304,2445,01,PO5616,2026-04-20,2026-05-31,19470,,,2026-05-31
B88456,Plains Earthmoving,INV-39608,2445,02,PO5617,2026-04-20,2026-05-31,12540,,,2026-05-31
B88457,Portside Concrete,INV-62930,2445,03,PO5618,2026-05-18,2026-06-30,30820,,,2026-06-30
B88458,Torrens Plumbing,INV-88867,2445,04,PO5619,2026-05-15,2026-06-30,25650,,,2026-06-30
B88459,Southern Cross Frames & Trusses,INV-86312,2445,05,PO5620,2026-06-27,2026-07-31,34790,,,2026-07-31
B88460,Ridgeline Roofing,INV-44028,2445,06,PO5621,2026-08-17,2026-09-30,18620,,,
B88461,Parklands Bricklaying,INV-95996,2445,07,PO5622,2026-08-15,2026-09-30,35590,,,
B88462,Northgate Windows & Doors,INV-56752,2445,08,PO5623,2026-08-15,2026-09-30,19140,,,
B88463,Brightline Electrical,INV-46092,2445,09,PO5624,2026-08-22,2026-09-30,11460,,,
B88464,Mallee Kitchens & Joinery,INV-78091,2445,11,PO5626,2026-09-02,2026-10-31,13180,,,
B88465,Redgum Carpentry,INV-65964,2445,13,PO5628,2026-09-23,2026-10-31,6400,,,
B88466,Gulf Building Certifiers,INV-70399,2447,01,PO5630,2026-07-15,2026-08-31,17560,,,2026-08-31
B88467,Plains Earthmoving,INV-52524,2447,02,PO5631,2026-07-11,2026-08-31,12030,,,2026-08-31
B88468,Portside Concrete,INV-61987,2447,03,PO5632,2026-08-07,2026-09-30,29350,,,
B88469,Torrens Plumbing,INV-24389,2447,04,PO5633,2026-08-05,2026-09-30,24720,,,
B88470,Southern Cross Frames & Trusses,INV-78762,2447,05,PO5634,2026-09-08,2026-10-31,29180,,,
B88471,Ridgeline Roofing,INV-10948,2447,06,PO5635,2026-09-16,2026-10-31,9640,,,
B88472,Parklands Bricklaying,INV-50448,2447,07,PO5636,2026-09-13,2026-10-31,22310,,,
B88473,Northgate Windows & Doors,INV-18591,2447,08,PO5637,2026-09-22,2026-10-31,8660,,,
B88474,Gulf Building Certifiers,INV-95367,2448,01,PO5638,2026-02-07,2026-03-31,17000,,,2026-03-31
B88475,Plains Earthmoving,INV-83680,2448,02,PO5639,2026-02-07,2026-03-31,11730,,,2026-03-31
B88476,Portside Concrete,INV-85982,2448,03,PO5640,2026-03-08,2026-04-30,27140,,,2026-04-30
B88477,Torrens Plumbing,INV-52780,2448,04,PO5641,2026-03-07,2026-04-30,21380,,,2026-04-30
B88478,Southern Cross Frames & Trusses,INV-28220,2448,05,PO5642,2026-04-15,2026-05-31,32740,,,2026-05-31
B88479,Ridgeline Roofing,INV-64269,2448,06,PO5643,2026-06-27,2026-07-31,17050,,,2026-07-31
B88480,Parklands Bricklaying,INV-45197,2448,07,PO5644,2026-06-26,2026-07-31,30910,,,2026-07-31
B88481,Northgate Windows & Doors,INV-57745,2448,08,PO5645,2026-06-24,2026-07-31,17290,,,2026-07-31
B88482,Brightline Electrical,INV-49725,2448,09,PO5646,2026-09-10,2026-10-31,14340,,,
B88483,Coastal Plaster & Insulation,INV-83683,2448,10,PO5647,2026-09-13,2026-10-31,22040,,,
B88484,Mallee Kitchens & Joinery,INV-61238,2448,11,PO5648,2026-09-09,2026-10-31,22000,,,
B88485,Gulfview Tiling,INV-96647,2448,12,PO5649,2026-09-12,2026-10-31,14570,,,
B88486,Redgum Carpentry,INV-63260,2448,13,PO5650,2026-09-14,2026-10-31,12400,,,
B88487,Onka Painting,INV-17950,2448,14,PO5651,2026-09-15,2026-10-31,12910,,,
B88488,Riverland Floors,INV-57036,2448,15,PO5652,2026-09-24,2026-10-31,4310,,,
B88489,Gulf Building Certifiers,INV-36487,2450,01,PO5654,2026-02-28,2026-03-31,21270,,,2026-03-31
B88490,Plains Earthmoving,INV-37787,2450,02,PO5655,2026-03-06,2026-04-30,13460,,,2026-04-30
B88491,Portside Concrete,INV-47523,2450,03,PO5656,2026-04-02,2026-05-31,32800,,,2026-05-31
B88492,Torrens Plumbing,INV-69307,2450,04,PO5657,2026-04-06,2026-05-31,27540,,,2026-05-31
B88493,Southern Cross Frames & Trusses,INV-97273,2450,05,PO5658,2026-05-15,2026-06-30,39970,,,2026-06-30
B88494,Ridgeline Roofing,INV-79177,2450,06,PO5659,2026-06-28,2026-07-31,20330,,,2026-07-31
B88495,Parklands Bricklaying,INV-21525,2450,07,PO5660,2026-06-26,2026-07-31,37790,,,2026-07-31
B88496,Northgate Windows & Doors,INV-88617,2450,08,PO5661,2026-06-30,2026-07-31,21740,,,2026-07-31
B88497,Brightline Electrical,INV-26086,2450,09,PO5662,2026-09-05,2026-10-31,17340,,,
B88498,Coastal Plaster & Insulation,INV-13081,2450,10,PO5663,2026-09-08,2026-10-31,23780,,,
B88499,Mallee Kitchens & Joinery,INV-74177,2450,11,PO5664,2026-09-09,2026-10-31,27530,,,
B88500,Gulfview Tiling,INV-51067,2450,12,PO5665,2026-09-11,2026-10-31,17910,,,
B88501,Redgum Carpentry,INV-37633,2450,13,PO5666,2026-09-06,2026-10-31,13560,,,
B88502,Onka Painting,INV-31964,2450,14,PO5667,2026-09-09,2026-10-31,15030,,,
B88503,Riverland Floors,INV-12944,2450,15,PO5668,2026-09-28,2026-10-31,5760,,,
B88504,Metro Paving & Cleaning,INV-84445,2450,16,PO5669,2026-09-23,2026-10-31,5950,,,
B88505,Plains Earthmoving,INV-54175,2453,02,PO5671,2026-06-26,2026-07-31,8330,,,2026-07-31
B88506,Gulf Building Certifiers,INV-32050,2454,01,PO5672,2026-05-11,2026-06-30,18980,,,2026-06-30
B88507,Plains Earthmoving,INV-76083,2454,02,PO5673,2026-05-11,2026-06-30,13580,,,2026-06-30
B88508,Portside Concrete,INV-88144,2454,03,PO5674,2026-06-12,2026-07-31,31800,,,2026-07-31
B88509,Torrens Plumbing,INV-94381,2454,04,PO5675,2026-06-07,2026-07-31,24580,,,2026-07-31
B88510,Southern Cross Frames & Trusses,INV-86616,2454,05,PO5676,2026-07-12,2026-08-31,32210,,,2026-08-31
B88511,Ridgeline Roofing,INV-85331,2454,06,PO5677,2026-09-02,2026-10-31,17480,,,
B88512,Parklands Bricklaying,INV-91946,2454,07,PO5678,2026-09-07,2026-10-31,33900,,,
B88513,Northgate Windows & Doors,INV-13247,2454,08,PO5679,2026-09-04,2026-10-31,17500,,,
B88514,Brightline Electrical,INV-47970,2454,09,PO5680,2026-09-21,2026-10-31,6410,,,
B88515,Mallee Kitchens & Joinery,INV-74996,2454,11,PO5682,2026-09-12,2026-10-31,9740,,,
B88516,Onka Painting,INV-30504,2454,14,PO5685,2026-09-23,2026-10-31,8880,,,
B88517,Gulf Building Certifiers,INV-35945,2457,01,PO5686,2026-04-27,2026-05-31,20930,,,2026-05-31
B88518,Plains Earthmoving,INV-89073,2457,02,PO5687,2026-04-30,2026-05-31,14600,,,2026-05-31
B88519,Portside Concrete,INV-18936,2457,03,PO5688,2026-05-19,2026-06-30,33620,,,2026-06-30
B88520,Torrens Plumbing,INV-22423,2457,04,PO5689,2026-05-18,2026-06-30,28350,,,2026-06-30
B88521,Southern Cross Frames & Trusses,INV-46506,2457,05,PO5690,2026-06-17,2026-07-31,34330,,,2026-07-31
B88522,Ridgeline Roofing,INV-39587,2457,06,PO5691,2026-08-22,2026-09-30,20660,,,
B88523,Parklands Bricklaying,INV-84895,2457,07,PO5692,2026-08-17,2026-09-30,33840,,,
B88524,Northgate Windows & Doors,INV-53025,2457,08,PO5693,2026-08-22,2026-09-30,20800,,,
B88525,Brightline Electrical,INV-48689,2457,09,PO5694,2026-09-24,2026-10-31,9330,,,
B88526,Coastal Plaster & Insulation,INV-73651,2457,10,PO5695,2026-09-02,2026-10-31,16260,,,
B88527,Mallee Kitchens & Joinery,INV-37031,2457,11,PO5696,2026-09-14,2026-10-31,16170,,,
B88528,Gulfview Tiling,INV-13324,2457,12,PO5697,2026-08-27,2026-09-30,9050,,,
B88529,Redgum Carpentry,INV-85346,2457,13,PO5698,2026-09-22,2026-10-31,6560,,,
B88530,Onka Painting,INV-84868,2457,14,PO5699,2026-09-02,2026-10-31,8740,,,
B88531,Gulf Building Certifiers,INV-20111,2459,01,PO5700,2026-01-04,2026-02-28,24590,,,2026-02-28
B88532,Plains Earthmoving,INV-51192,2459,02,PO5701,2026-01-01,2026-02-28,14940,,,2026-02-28
B88533,Portside Concrete,INV-97943,2459,03,PO5702,2026-02-03,2026-03-31,41110,,,2026-03-31
B88534,Torrens Plumbing,INV-55242,2459,04,PO5703,2026-01-31,2026-02-28,31460,,,2026-02-28
B88535,Southern Cross Frames & Trusses,INV-89047,2459,05,PO5704,2026-03-12,2026-04-30,40580,,,2026-04-30
B88536,Ridgeline Roofing,INV-54290,2459,06,PO5705,2026-05-20,2026-06-30,25210,,,2026-06-30
B88537,Parklands Bricklaying,INV-26166,2459,07,PO5706,2026-05-23,2026-06-30,36420,,,2026-06-30
B88538,Northgate Windows & Doors,INV-43649,2459,08,PO5707,2026-05-22,2026-06-30,21420,,,2026-06-30
B88539,Brightline Electrical,INV-78888,2459,09,PO5708,2026-08-11,2026-09-30,19730,,,
B88540,Coastal Plaster & Insulation,INV-15961,2459,10,PO5709,2026-08-15,2026-09-30,27410,,,
B88541,Mallee Kitchens & Joinery,INV-94954,2459,11,PO5710,2026-08-13,2026-09-30,31350,,,
B88542,Gulfview Tiling,INV-89413,2459,12,PO5711,2026-08-14,2026-09-30,18440,,,
B88543,Redgum Carpentry,INV-69572,2459,13,PO5712,2026-08-11,2026-09-30,16910,,,
B88544,Onka Painting,INV-15335,2459,14,PO5713,2026-08-16,2026-09-30,15860,,,
B88545,Riverland Floors,INV-37336,2459,15,PO5714,2026-09-18,2026-10-31,11510,,,
B88546,Metro Paving & Cleaning,INV-75727,2459,16,PO5715,2026-09-12,2026-10-31,11800,,,
B88547,Gulf Building Certifiers,INV-73472,2460,01,PO5716,2026-06-25,2026-07-31,14060,,,2026-07-31
B88548,Plains Earthmoving,INV-97467,2460,02,PO5717,2026-06-27,2026-07-31,9740,,,2026-07-31
B88549,Portside Concrete,INV-26995,2460,03,PO5718,2026-07-20,2026-08-31,24220,,,2026-08-31
B88550,Torrens Plumbing,INV-39109,2460,04,PO5719,2026-07-18,2026-08-31,21620,,,2026-08-31
B88551,Southern Cross Frames & Trusses,INV-65830,2460,05,PO5720,2026-08-15,2026-09-30,29800,,,
B88552,Parklands Bricklaying,INV-75158,2460,07,PO5722,2026-08-21,2026-09-30,16010,,,
B88553,Northgate Windows & Doors,INV-54584,2460,08,PO5723,2026-09-14,2026-10-31,7430,,,
B88554,Gulf Building Certifiers,INV-41773,2463,01,PO5724,2026-02-03,2026-03-31,16280,,,2026-03-31
B88555,Plains Earthmoving,INV-96553,2463,02,PO5725,2026-02-02,2026-03-31,10860,,,2026-03-31
B88556,Portside Concrete,INV-97381,2463,03,PO5726,2026-03-10,2026-04-30,26820,,,2026-04-30
B88557,Torrens Plumbing,INV-21829,2463,04,PO5727,2026-03-09,2026-04-30,23880,,,2026-04-30
B88558,Southern Cross Frames & Trusses,INV-76026,2463,05,PO5728,2026-04-16,2026-05-31,29710,,,2026-05-31
B88559,Ridgeline Roofing,INV-38916,2463,06,PO5729,2026-06-12,2026-07-31,16260,,,2026-07-31
B88560,Parklands Bricklaying,INV-60643,2463,07,PO5730,2026-06-08,2026-07-31,27500,,,2026-07-31
B88561,Northgate Windows & Doors,INV-35635,2463,08,PO5731,2026-06-12,2026-07-31,17730,,,2026-07-31
B88562,Brightline Electrical,INV-41567,2463,09,PO5732,2026-08-16,2026-09-30,13440,,,
B88563,Coastal Plaster & Insulation,INV-39874,2463,10,PO5733,2026-08-16,2026-09-30,21300,,,
B88564,Mallee Kitchens & Joinery,INV-95585,2463,11,PO5734,2026-08-12,2026-09-30,21440,,,
B88565,Gulfview Tiling,INV-57866,2463,12,PO5735,2026-08-12,2026-09-30,14790,,,
B88566,Redgum Carpentry,INV-42459,2463,13,PO5736,2026-08-12,2026-09-30,11330,,,
B88567,Onka Painting,INV-73021,2463,14,PO5737,2026-08-13,2026-09-30,12580,,,
B88568,Riverland Floors,INV-24316,2463,15,PO5738,2026-09-10,2026-10-31,8190,,,
B88569,Metro Paving & Cleaning,INV-62800,2463,16,PO5739,2026-09-09,2026-10-31,8970,,,
B88570,Gulf Building Certifiers,INV-76680,2464,01,PO5740,2026-04-11,2026-05-31,19800,,,2026-05-31
B88571,Plains Earthmoving,INV-54434,2464,02,PO5741,2026-04-13,2026-05-31,13370,,,2026-05-31
B88572,Portside Concrete,INV-11319,2464,03,PO5742,2026-05-17,2026-06-30,34300,,,2026-06-30
B88573,Torrens Plumbing,INV-60528,2464,04,PO5743,2026-05-17,2026-06-30,26950,,,2026-06-30
B88574,Southern Cross Frames & Trusses,INV-93859,2464,05,PO5744,2026-06-18,2026-07-31,37460,,,2026-07-31
B88575,Ridgeline Roofing,INV-53343,2464,06,PO5745,2026-08-26,2026-09-30,20020,,,
B88576,Parklands Bricklaying,INV-46470,2464,07,PO5746,2026-08-27,2026-09-30,34780,,,
B88577,Northgate Windows & Doors,INV-32003,2464,08,PO5747,2026-09-01,2026-10-31,20160,,,
B88578,Gulfview Tiling,INV-89401,2464,12,PO5751,2026-09-26,2026-10-31,11640,,,
B88579,Redgum Carpentry,INV-40004,2464,13,PO5752,2026-09-01,2026-10-31,9610,,,
B88580,Onka Painting,INV-41299,2464,14,PO5753,2026-09-11,2026-10-31,6260,,,
B88581,Gulf Building Certifiers,INV-43789,2466,01,PO5754,2026-04-07,2026-05-31,19390,,,2026-05-31
B88582,Plains Earthmoving,INV-95243,2466,02,PO5755,2026-04-09,2026-05-31,13530,,,2026-05-31
B88583,Portside Concrete,INV-15406,2466,03,PO5756,2026-05-11,2026-06-30,35370,,,2026-06-30
B88584,Torrens Plumbing,INV-92011,2466,04,PO5757,2026-05-13,2026-06-30,27900,,,2026-06-30
B88585,Southern Cross Frames & Trusses,INV-87195,2466,05,PO5758,2026-06-14,2026-07-31,35270,,,2026-07-31
B88586,Ridgeline Roofing,INV-91681,2466,06,PO5759,2026-08-09,2026-09-30,20650,,,
B88587,Parklands Bricklaying,INV-57792,2466,07,PO5760,2026-08-06,2026-09-30,35710,,,
B88588,Northgate Windows & Doors,INV-99589,2466,08,PO5761,2026-08-08,2026-09-30,19170,,,
B88589,Brightline Electrical,INV-89631,2466,09,PO5762,2026-08-13,2026-09-30,7000,,,
B88590,Coastal Plaster & Insulation,INV-83769,2466,10,PO5763,2026-09-10,2026-10-31,13230,,,
B88591,Gulfview Tiling,INV-91120,2466,12,PO5765,2026-09-24,2026-10-31,7940,,,
B88592,Redgum Carpentry,INV-84567,2466,13,PO5766,2026-09-27,2026-10-31,5950,,,
B88593,Onka Painting,INV-44824,2466,14,PO5767,2026-09-26,2026-10-31,8240,,,
B88594,Gulf Building Certifiers,INV-94469,2468,01,PO5768,2026-02-19,2026-03-31,18230,,,2026-03-31
B88595,Plains Earthmoving,INV-20957,2468,02,PO5769,2026-02-20,2026-03-31,11800,,,2026-03-31
B88596,Portside Concrete,INV-68413,2468,03,PO5770,2026-03-26,2026-04-30,27560,,,2026-04-30
B88597,Torrens Plumbing,INV-55998,2468,04,PO5771,2026-03-28,2026-04-30,24130,,,2026-04-30
B88598,Southern Cross Frames & Trusses,INV-65968,2468,05,PO5772,2026-04-24,2026-05-31,32790,,,2026-05-31
B88599,Ridgeline Roofing,INV-33061,2468,06,PO5773,2026-06-07,2026-07-31,16280,,,2026-07-31
B88600,Parklands Bricklaying,INV-37558,2468,07,PO5774,2026-06-09,2026-07-31,27860,,,2026-07-31
B88601,Northgate Windows & Doors,INV-12061,2468,08,PO5775,2026-06-08,2026-07-31,18390,,,2026-07-31
B88602,Brightline Electrical,INV-89672,2468,09,PO5776,2026-09-01,2026-10-31,14870,,,
B88603,Coastal Plaster & Insulation,INV-84277,2468,10,PO5777,2026-08-28,2026-09-30,19960,,,
B88604,Mallee Kitchens & Joinery,INV-90398,2468,11,PO5778,2026-09-02,2026-10-31,24460,,,
B88605,Gulfview Tiling,INV-81719,2468,12,PO5779,2026-09-03,2026-10-31,16000,,,
B88606,Redgum Carpentry,INV-12665,2468,13,PO5780,2026-08-28,2026-09-30,12190,,,
B88607,Onka Painting,INV-97071,2468,14,PO5781,2026-09-03,2026-10-31,11550,,,
B88608,Riverland Floors,INV-87593,2468,15,PO5782,2026-09-24,2026-10-31,8370,,,
B88609,Metro Paving & Cleaning,INV-91042,2468,16,PO5783,2026-09-21,2026-10-31,8250,,,
B88610,Gulf Building Certifiers,INV-29636,2471,01,PO5784,2026-08-02,2026-09-30,26390,,,
B88611,Plains Earthmoving,INV-78148,2471,02,PO5785,2026-08-05,2026-09-30,17740,,,
B88612,Portside Concrete,INV-75735,2471,03,PO5786,2026-08-29,2026-09-30,41060,,,
B88613,Torrens Plumbing,INV-25172,2471,04,PO5787,2026-08-29,2026-09-30,38350,,,
B88614,Southern Cross Frames & Trusses,INV-15022,2471,05,PO5788,2026-09-14,2026-10-31,30070,,,
B88615,Gulf Building Certifiers,INV-62401,2473,01,PO5792,2026-07-09,2026-08-31,17940,,,
B88616,Plains Earthmoving,INV-79544,2473,02,PO5793,2026-07-09,2026-08-31,11940,,,2026-08-31
B88617,Portside Concrete,INV-28346,2473,03,PO5794,2026-08-08,2026-09-30,30070,,,
B88618,Torrens Plumbing,INV-80203,2473,04,PO5795,2026-08-07,2026-09-30,22300,,,
B88619,Southern Cross Frames & Trusses,INV-89043,2473,05,PO5796,2026-09-16,2026-10-31,30870,,,
B88620,Ridgeline Roofing,INV-16387,2473,06,PO5797,2026-09-17,2026-10-31,10440,,,
B88621,Parklands Bricklaying,INV-10711,2473,07,PO5798,2026-09-21,2026-10-31,14460,,,
B88622,Northgate Windows & Doors,INV-79615,2473,08,PO5799,2026-09-21,2026-10-31,12180,,,
B88623,Gulf Building Certifiers,INV-81857,2474,01,PO5800,2026-01-12,2026-02-28,25430,,,2026-02-28
B88624,Plains Earthmoving,INV-74510,2474,02,PO5801,2026-01-12,2026-02-28,17490,,,2026-02-28
B88625,Portside Concrete,INV-64013,2474,03,PO5802,2026-01-31,2026-02-28,46850,,,2026-02-28
B88626,Torrens Plumbing,INV-26526,2474,04,PO5803,2026-02-01,2026-03-31,36730,,,2026-03-31
B88627,Southern Cross Frames & Trusses,INV-96057,2474,05,PO5804,2026-03-11,2026-04-30,52860,,,2026-04-30
B88628,Ridgeline Roofing,INV-87488,2474,06,PO5805,2026-05-11,2026-06-30,26230,,,2026-06-30
B88629,Parklands Bricklaying,INV-40738,2474,07,PO5806,2026-05-12,2026-06-30,47480,,,2026-06-30
B88630,Northgate Windows & Doors,INV-93968,2474,08,PO5807,2026-05-15,2026-06-30,25140,,,2026-06-30
B88631,Brightline Electrical,INV-48228,2474,09,PO5808,2026-07-30,2026-08-31,23280,,,2026-08-31
B88632,Coastal Plaster & Insulation,INV-95102,2474,10,PO5809,2026-07-29,2026-08-31,33760,,,2026-08-31
B88633,Mallee Kitchens & Joinery,INV-64071,2474,11,PO5810,2026-07-29,2026-08-31,38080,,,2026-08-31
B88634,Gulfview Tiling,INV-47071,2474,12,PO5811,2026-07-30,2026-08-31,22530,,,2026-08-31
B88635,Redgum Carpentry,INV-25277,2474,13,PO5812,2026-08-03,2026-09-30,17790,,,
B88636,Onka Painting,INV-81511,2474,14,PO5813,2026-07-28,2026-08-31,17710,,,2026-08-31
B88637,Riverland Floors,INV-90171,2474,15,PO5814,2026-08-30,2026-09-30,12490,,,
B88638,Metro Paving & Cleaning,INV-67438,2474,16,PO5815,2026-09-02,2026-10-31,13630,,,
B88639,Gulf Building Certifiers,INV-37331,2476,01,PO5816,2026-01-19,2026-02-28,26690,,,2026-02-28
B88640,Plains Earthmoving,INV-50884,2476,02,PO5817,2026-01-17,2026-02-28,16280,,,2026-02-28
B88641,Portside Concrete,INV-15871,2476,03,PO5818,2026-02-19,2026-03-31,44150,,,2026-03-31
B88642,Torrens Plumbing,INV-92616,2476,04,PO5819,2026-02-18,2026-03-31,33960,,,2026-03-31
B88643,Southern Cross Frames & Trusses,INV-78318,2476,05,PO5820,2026-04-05,2026-05-31,50740,,,2026-05-31
B88644,Ridgeline Roofing,INV-64969,2476,06,PO5821,2026-05-21,2026-06-30,28570,,,2026-06-30
B88645,Parklands Bricklaying,INV-16633,2476,07,PO5822,2026-05-19,2026-06-30,47390,,,2026-06-30
B88646,Northgate Windows & Doors,INV-37465,2476,08,PO5823,2026-05-24,2026-06-30,24420,,,2026-06-30
B88647,Brightline Electrical,INV-27419,2476,09,PO5824,2026-07-27,2026-08-31,23470,,,2026-08-31
B88648,Coastal Plaster & Insulation,INV-19026,2476,10,PO5825,2026-07-30,2026-08-31,28920,,,2026-08-31
B88649,Mallee Kitchens & Joinery,INV-72185,2476,11,PO5826,2026-08-01,2026-09-30,33030,,,
B88650,Gulfview Tiling,INV-63876,2476,12,PO5827,2026-07-27,2026-08-31,21360,,,
B88651,Redgum Carpentry,INV-83707,2476,13,PO5828,2026-08-01,2026-09-30,16680,,,
B88652,Onka Painting,INV-27661,2476,14,PO5829,2026-07-27,2026-08-31,18530,,,2026-08-31
B88653,Riverland Floors,INV-82746,2476,15,PO5830,2026-08-27,2026-09-30,11950,,,
B88654,Metro Paving & Cleaning,INV-61120,2476,16,PO5831,2026-08-31,2026-09-30,13690,,,
B88655,Gulf Building Certifiers,INV-82056,2478,01,PO5832,2026-01-03,2026-02-28,16080,,,2026-02-28
B88656,Plains Earthmoving,INV-20968,2478,02,PO5833,2026-01-02,2026-02-28,11380,,,2026-02-28
B88657,Portside Concrete,INV-39665,2478,03,PO5834,2026-01-25,2026-02-28,25810,,,2026-02-28
B88658,Torrens Plumbing,INV-62003,2478,04,PO5835,2026-01-27,2026-02-28,23120,,,2026-02-28
B88659,Southern Cross Frames & Trusses,INV-27005,2478,05,PO5836,2026-03-10,2026-04-30,33070,,,2026-04-30
B88660,Ridgeline Roofing,INV-42620,2478,06,PO5837,2026-05-20,2026-06-30,17270,,,2026-06-30
B88661,Parklands Bricklaying,INV-90514,2478,07,PO5838,2026-05-22,2026-06-30,27720,,,2026-06-30
B88662,Northgate Windows & Doors,INV-16808,2478,08,PO5839,2026-05-19,2026-06-30,15890,,,2026-06-30
B88663,Brightline Electrical,INV-87506,2478,09,PO5840,2026-08-04,2026-09-30,14130,,,
B88664,Coastal Plaster & Insulation,INV-25164,2478,10,PO5841,2026-08-04,2026-09-30,20420,,,
B88665,Mallee Kitchens & Joinery,INV-46846,2478,11,PO5842,2026-08-08,2026-09-30,20870,,,
B88666,Gulfview Tiling,INV-20214,2478,12,PO5843,2026-08-04,2026-09-30,15530,,,
B88667,Redgum Carpentry,INV-19550,2478,13,PO5844,2026-08-09,2026-09-30,11090,,,
B88668,Onka Painting,INV-58359,2478,14,PO5845,2026-08-08,2026-09-30,10840,,,
B88669,Riverland Floors,INV-86554,2478,15,PO5846,2026-09-04,2026-10-31,8120,,,
B88670,Metro Paving & Cleaning,INV-95334,2478,16,PO5847,2026-09-02,2026-10-31,8960,,,
B88671,Onka Painting,INV-89076,2363,14,PO5124,2026-09-12,2026-10-31,16330,,,
B88672,Northgate Windows & Doors,INV-30298,2372,08,PO5170,2026-09-26,2026-10-31,18420,,,
B88673,Rock Breaking Services,RB-2559,2364,02,,2026-08-06,2026-09-30,2380,,,
B88674,Adelaide Skip Hire,SC-693,2374,01,,2026-09-19,2026-10-31,540,,,
B88675,Site Clean Crew,SC-436,2401,16,,2026-09-22,2026-10-31,460,,,
